#
# There is insufficient memory for the Java Runtime Environment to continue.
# Native memory allocation (malloc) failed to allocate 1161088 bytes. Error detail: Chunk::new
# Possible reasons:
#   The system is out of physical RAM or swap space
#   This process is running with CompressedOops enabled, and the Java Heap may be blocking the growth of the native heap
# Possible solutions:
#   Reduce memory load on the system
#   Increase physical memory or swap space
#   Check if swap backing store is full
#   Decrease Java heap size (-Xmx/-Xms)
#   Decrease number of Java threads
#   Decrease Java thread stack sizes (-Xss)
#   Set larger code cache with -XX:ReservedCodeCacheSize=
#   JVM is running with Unscaled Compressed Oops mode in which the Java heap is
#     placed in the first 4GB address space. The Java Heap base address is the
#     maximum limit for the native heap growth. Please use -XX:HeapBaseMinAddress
#     to set the Java Heap base and to place the Java Heap above 4GB virtual address.
# This output file may be truncated or incomplete.
#
#  Out of Memory Error (arena.cpp:168), pid=20152, tid=6940
#
# JRE version: OpenJDK Runtime Environment (21.0.8) (build 21.0.8+-14196175-b1038.72)
# Java VM: OpenJDK 64-Bit Server VM (21.0.8+-14196175-b1038.72, mixed mode, tiered, compressed oops, compressed class ptrs, g1 gc, windows-amd64)
# No core dump will be written. Minidumps are not enabled by default on client versions of Windows
#

---------------  S U M M A R Y ------------

Command Line: --add-opens=java.base/java.lang=ALL-UNNAMED --add-opens=java.base/java.lang.invoke=ALL-UNNAMED --add-opens=java.base/java.util=ALL-UNNAMED --add-opens=java.prefs/java.util.prefs=ALL-UNNAMED --add-exports=jdk.compiler/com.sun.tools.javac.api=ALL-UNNAMED --add-exports=jdk.compiler/com.sun.tools.javac.util=ALL-UNNAMED --add-opens=java.base/java.util=ALL-UNNAMED --add-opens=java.prefs/java.util.prefs=ALL-UNNAMED --add-opens=java.base/java.nio.charset=ALL-UNNAMED --add-opens=java.base/java.net=ALL-UNNAMED --add-opens=java.base/java.util.concurrent.atomic=ALL-UNNAMED --add-opens=java.xml/javax.xml.namespace=ALL-UNNAMED -Xmx2048m -Dfile.encoding=UTF-8 -Duser.country=IN -Duser.language=en -Duser.variant -javaagent:C:\Users\Nihal\.gradle\wrapper\dists\gradle-8.13-bin\5xuhj0ry160q40clulazy9h7d\gradle-8.13\lib\agents\gradle-instrumentation-agent-8.13.jar org.gradle.launcher.daemon.bootstrap.GradleDaemon 8.13

Host: 12th Gen Intel(R) Core(TM) i5-12500H, 16 cores, 15G,  Windows 11 , 64 bit Build 26100 (10.0.26100.8328)
Time: Mon May 18 23:02:49 2026 India Standard Time elapsed time: 8.636515 seconds (0d 0h 0m 8s)

---------------  T H R E A D  ---------------

Current thread (0x00000189ab1ceb70):  JavaThread "C2 CompilerThread1" daemon [_thread_in_native, id=6940, stack(0x0000006630300000,0x0000006630400000) (1024K)]


Current CompileTask:
C2:8636 11671       4       org.gradle.internal.reflect.ClassInspector::inspectClass (179 bytes)

Stack: [0x0000006630300000,0x0000006630400000]
Native frames: (J=compiled Java code, j=interpreted, Vv=VM code, C=native code)
V  [jvm.dll+0x6d68d9]
V  [jvm.dll+0x866693]
V  [jvm.dll+0x868c4e]
V  [jvm.dll+0x869333]
V  [jvm.dll+0x280566]
V  [jvm.dll+0xc07cd]
V  [jvm.dll+0xc0d03]
V  [jvm.dll+0x3b961b]
V  [jvm.dll+0x1dfd12]
V  [jvm.dll+0x2493a4]
V  [jvm.dll+0x248821]
V  [jvm.dll+0x1c73a4]
V  [jvm.dll+0x257f9e]
V  [jvm.dll+0x2564e6]
V  [jvm.dll+0x3f4696]
V  [jvm.dll+0x80eac8]
V  [jvm.dll+0x6d512d]
C  [ucrtbase.dll+0x37b0]
C  [KERNEL32.DLL+0x2e957]
C  [ntdll.dll+0x427c]


---------------  P R O C E S S  ---------------

Threads class SMR info:
_java_thread_list=0x00000189aa60bb00, length=107, elements={
0x0000018988156e50, 0x00000189a2908490, 0x00000189a290b750, 0x00000189a291ce90,
0x00000189a2932940, 0x00000189a2936fc0, 0x00000189a29385b0, 0x00000189a293dbf0,
0x00000189a2971e60, 0x00000189a297dcc0, 0x00000189a297e390, 0x00000189a297d5f0,
0x00000189a297bab0, 0x00000189a7080c50, 0x00000189a83e6690, 0x00000189a8b99180,
0x00000189a7addb20, 0x00000189a7ade840, 0x00000189a7adc770, 0x00000189a7adeed0,
0x00000189a7adce00, 0x00000189a7add490, 0x00000189a7ade1b0, 0x00000189a9086830,
0x00000189a9088900, 0x00000189a9087be0, 0x00000189a9086ec0, 0x00000189a9085480,
0x00000189a9088f90, 0x00000189a9085b10, 0x00000189a9088270, 0x00000189a908bd80,
0x00000189a908a340, 0x00000189a908a9d0, 0x00000189a908b060, 0x00000189a9089cb0,
0x00000189a908c410, 0x00000189ac367530, 0x00000189ac366ea0, 0x00000189ac369c90,
0x00000189ac368250, 0x00000189ac3688e0, 0x00000189ac36a320, 0x00000189ac368f70,
0x00000189ac369600, 0x00000189ac88ed70, 0x00000189ac890120, 0x00000189ac88d330,
0x00000189ac88d9c0, 0x00000189ac88e050, 0x00000189ac88e6e0, 0x00000189ac88cca0,
0x00000189ac891b60, 0x00000189ac8907b0, 0x00000189ac8921f0, 0x00000189ac890e40,
0x00000189ac8914d0, 0x00000189ac892880, 0x00000189ac893c30, 0x00000189aa9b0650,
0x00000189aa9af930, 0x00000189aa9b1a00, 0x00000189aa9b0ce0, 0x00000189aa9affc0,
0x00000189aa9af2a0, 0x00000189aa9b2090, 0x00000189aa9b1370, 0x00000189aa9aec10,
0x00000189aa9b4160, 0x00000189aa9b5510, 0x00000189aa9b2db0, 0x00000189aa9b5ba0,
0x00000189aa9b47f0, 0x00000189aa9b4e80, 0x00000189aa9b2720, 0x00000189aa9b3440,
0x00000189aa9b6230, 0x00000189aa9b3ad0, 0x00000189a81ce700, 0x00000189a81cd9e0,
0x00000189a81ce070, 0x00000189a81cb910, 0x00000189a81cb280, 0x00000189a81cc630,
0x00000189a81ced90, 0x00000189a81cbfa0, 0x00000189a81cf420, 0x00000189a81cd350,
0x00000189a81cccc0, 0x00000189a81d0e60, 0x00000189a81d2210, 0x00000189a81d14f0,
0x00000189a81d28a0, 0x00000189a81d07d0, 0x00000189a81d1b80, 0x00000189aca7ddb0,
0x00000189aca7fe80, 0x00000189aca80510, 0x00000189aca7e440, 0x00000189aca7ead0,
0x00000189aca7f160, 0x00000189aca7f7f0, 0x00000189aca7d090, 0x00000189aca818c0,
0x00000189aca825e0, 0x00000189a7adf560, 0x00000189ab1ceb70
}

Java Threads: ( => current thread )
  0x0000018988156e50 JavaThread "main"                              [_thread_blocked, id=24476, stack(0x000000662ed00000,0x000000662ee00000) (1024K)]
  0x00000189a2908490 JavaThread "Common-Cleaner"             daemon [_thread_blocked, id=5644, stack(0x000000662f500000,0x000000662f600000) (1024K)]
  0x00000189a290b750 JavaThread "Reference Handler"          daemon [_thread_blocked, id=20232, stack(0x000000662f600000,0x000000662f700000) (1024K)]
  0x00000189a291ce90 JavaThread "Finalizer"                  daemon [_thread_blocked, id=18676, stack(0x000000662f700000,0x000000662f800000) (1024K)]
  0x00000189a2932940 JavaThread "Signal Dispatcher"          daemon [_thread_blocked, id=22408, stack(0x000000662f800000,0x000000662f900000) (1024K)]
  0x00000189a2936fc0 JavaThread "Attach Listener"            daemon [_thread_blocked, id=24316, stack(0x000000662f900000,0x000000662fa00000) (1024K)]
  0x00000189a29385b0 JavaThread "Service Thread"             daemon [_thread_blocked, id=20448, stack(0x000000662fa00000,0x000000662fb00000) (1024K)]
  0x00000189a293dbf0 JavaThread "Monitor Deflation Thread"   daemon [_thread_blocked, id=1960, stack(0x000000662fb00000,0x000000662fc00000) (1024K)]
  0x00000189a2971e60 JavaThread "C2 CompilerThread0"         daemon [_thread_blocked, id=21204, stack(0x000000662fc00000,0x000000662fd00000) (1024K)]
  0x00000189a297dcc0 JavaThread "C1 CompilerThread0"         daemon [_thread_blocked, id=12352, stack(0x000000662fd00000,0x000000662fe00000) (1024K)]
  0x00000189a297e390 JavaThread "C1 CompilerThread1"         daemon [_thread_blocked, id=1300, stack(0x000000662fe00000,0x000000662ff00000) (1024K)]
  0x00000189a297d5f0 JavaThread "C1 CompilerThread2"         daemon [_thread_blocked, id=2676, stack(0x000000662ff00000,0x0000006630000000) (1024K)]
  0x00000189a297bab0 JavaThread "C1 CompilerThread3"         daemon [_thread_blocked, id=24540, stack(0x0000006630000000,0x0000006630100000) (1024K)]
  0x00000189a7080c50 JavaThread "Notification Thread"        daemon [_thread_blocked, id=24160, stack(0x0000006630100000,0x0000006630200000) (1024K)]
  0x00000189a83e6690 JavaThread "Daemon health stats"               [_thread_blocked, id=18680, stack(0x0000006630a00000,0x0000006630b00000) (1024K)]
  0x00000189a8b99180 JavaThread "Incoming local TCP Connector on port 50465"        [_thread_in_native, id=11152, stack(0x0000006630b00000,0x0000006630c00000) (1024K)]
  0x00000189a7addb20 JavaThread "Daemon periodic checks"            [_thread_blocked, id=24016, stack(0x0000006630c00000,0x0000006630d00000) (1024K)]
  0x00000189a7ade840 JavaThread "Daemon"                            [_thread_blocked, id=13800, stack(0x0000006631400000,0x0000006631500000) (1024K)]
  0x00000189a7adc770 JavaThread "Handler for socket connection from /127.0.0.1:50465 to /127.0.0.1:50466"        [_thread_in_native, id=23664, stack(0x0000006631500000,0x0000006631600000) (1024K)]
  0x00000189a7adeed0 JavaThread "Cancel handler"                    [_thread_blocked, id=1596, stack(0x0000006631600000,0x0000006631700000) (1024K)]
  0x00000189a7adce00 JavaThread "Daemon worker"                     [_thread_in_native, id=19808, stack(0x0000006631700000,0x0000006631800000) (1024K)]
  0x00000189a7add490 JavaThread "Asynchronous log dispatcher for DefaultDaemonConnection: socket connection from /127.0.0.1:50465 to /127.0.0.1:50466"        [_thread_blocked, id=16344, stack(0x0000006631800000,0x0000006631900000) (1024K)]
  0x00000189a7ade1b0 JavaThread "Stdin handler"                     [_thread_blocked, id=6492, stack(0x0000006631900000,0x0000006631a00000) (1024K)]
  0x00000189a9086830 JavaThread "Daemon client event forwarder"        [_thread_blocked, id=10344, stack(0x0000006631a00000,0x0000006631b00000) (1024K)]
  0x00000189a9088900 JavaThread "Cache worker for journal cache (C:\Users\Nihal\.gradle\caches\journal-1)"        [_thread_blocked, id=21996, stack(0x0000006631d00000,0x0000006631e00000) (1024K)]
  0x00000189a9087be0 JavaThread "File lock request listener"        [_thread_in_native, id=15992, stack(0x0000006631e00000,0x0000006631f00000) (1024K)]
  0x00000189a9086ec0 JavaThread "Cache worker for file hash cache (C:\Users\Nihal\.gradle\caches\8.13\fileHashes)"        [_thread_blocked, id=15932, stack(0x0000006631f00000,0x0000006632000000) (1024K)]
  0x00000189a9085480 JavaThread "Cache worker for file hash cache (C:\Users\Nihal\AndroidStudioProjects\notificationlogger\.gradle\8.13\fileHashes)"        [_thread_blocked, id=4672, stack(0x0000006632000000,0x0000006632100000) (1024K)]
  0x00000189a9088f90 JavaThread "Cache worker for Build Output Cleanup Cache (C:\Users\Nihal\AndroidStudioProjects\notificationlogger\.gradle\buildOutputCleanup)"        [_thread_blocked, id=13876, stack(0x0000006632100000,0x0000006632200000) (1024K)]
  0x00000189a9085b10 JavaThread "File watcher server"        daemon [_thread_in_native, id=4568, stack(0x0000006632200000,0x0000006632300000) (1024K)]
  0x00000189a9088270 JavaThread "File watcher consumer"      daemon [_thread_blocked, id=7672, stack(0x0000006632300000,0x0000006632400000) (1024K)]
  0x00000189a908bd80 JavaThread "jar transforms"                    [_thread_blocked, id=22656, stack(0x0000006632400000,0x0000006632500000) (1024K)]
  0x00000189a908a340 JavaThread "jar transforms Thread 2"           [_thread_blocked, id=14412, stack(0x0000006632500000,0x0000006632600000) (1024K)]
  0x00000189a908a9d0 JavaThread "Cache worker for checksums cache (C:\Users\Nihal\AndroidStudioProjects\notificationlogger\.gradle\8.13\checksums)"        [_thread_blocked, id=7960, stack(0x0000006632600000,0x0000006632700000) (1024K)]
  0x00000189a908b060 JavaThread "Cache worker for file content cache (C:\Users\Nihal\.gradle\caches\8.13\fileContent)"        [_thread_blocked, id=17420, stack(0x0000006632700000,0x0000006632800000) (1024K)]
  0x00000189a9089cb0 JavaThread "jar transforms Thread 3"           [_thread_blocked, id=20376, stack(0x0000006632800000,0x0000006632900000) (1024K)]
  0x00000189a908c410 JavaThread "Cache worker for cache directory md-supplier (C:\Users\Nihal\.gradle\caches\8.13\md-supplier)"        [_thread_blocked, id=5432, stack(0x0000006632900000,0x0000006632a00000) (1024K)]
  0x00000189ac367530 JavaThread "Cache worker for cache directory md-rule (C:\Users\Nihal\.gradle\caches\8.13\md-rule)"        [_thread_blocked, id=21444, stack(0x0000006632a00000,0x0000006632b00000) (1024K)]
  0x00000189ac366ea0 JavaThread "Unconstrained build operations"        [_thread_blocked, id=23032, stack(0x0000006632b00000,0x0000006632c00000) (1024K)]
  0x00000189ac369c90 JavaThread "Unconstrained build operations Thread 2"        [_thread_blocked, id=6412, stack(0x0000006632c00000,0x0000006632d00000) (1024K)]
  0x00000189ac368250 JavaThread "Unconstrained build operations Thread 3"        [_thread_blocked, id=14720, stack(0x0000006632d00000,0x0000006632e00000) (1024K)]
  0x00000189ac3688e0 JavaThread "Unconstrained build operations Thread 4"        [_thread_blocked, id=3564, stack(0x0000006632e00000,0x0000006632f00000) (1024K)]
  0x00000189ac36a320 JavaThread "Unconstrained build operations Thread 5"        [_thread_blocked, id=11392, stack(0x0000006632f00000,0x0000006633000000) (1024K)]
  0x00000189ac368f70 JavaThread "Unconstrained build operations Thread 6"        [_thread_blocked, id=2244, stack(0x0000006633000000,0x0000006633100000) (1024K)]
  0x00000189ac369600 JavaThread "Unconstrained build operations Thread 7"        [_thread_blocked, id=17644, stack(0x0000006633100000,0x0000006633200000) (1024K)]
  0x00000189ac88ed70 JavaThread "Unconstrained build operations Thread 8"        [_thread_blocked, id=9856, stack(0x0000006633200000,0x0000006633300000) (1024K)]
  0x00000189ac890120 JavaThread "Unconstrained build operations Thread 9"        [_thread_blocked, id=16372, stack(0x0000006633300000,0x0000006633400000) (1024K)]
  0x00000189ac88d330 JavaThread "Unconstrained build operations Thread 10"        [_thread_blocked, id=11000, stack(0x0000006633400000,0x0000006633500000) (1024K)]
  0x00000189ac88d9c0 JavaThread "jar transforms Thread 4"           [_thread_blocked, id=8888, stack(0x0000006633500000,0x0000006633600000) (1024K)]
  0x00000189ac88e050 JavaThread "jar transforms Thread 5"           [_thread_blocked, id=18196, stack(0x0000006633600000,0x0000006633700000) (1024K)]
  0x00000189ac88e6e0 JavaThread "Unconstrained build operations Thread 11"        [_thread_blocked, id=14892, stack(0x0000006633700000,0x0000006633800000) (1024K)]
  0x00000189ac88cca0 JavaThread "Unconstrained build operations Thread 12"        [_thread_blocked, id=15396, stack(0x0000006633800000,0x0000006633900000) (1024K)]
  0x00000189ac891b60 JavaThread "Unconstrained build operations Thread 13"        [_thread_blocked, id=20688, stack(0x0000006633900000,0x0000006633a00000) (1024K)]
  0x00000189ac8907b0 JavaThread "Unconstrained build operations Thread 14"        [_thread_blocked, id=4760, stack(0x0000006633a00000,0x0000006633b00000) (1024K)]
  0x00000189ac8921f0 JavaThread "Unconstrained build operations Thread 15"        [_thread_blocked, id=24128, stack(0x0000006633b00000,0x0000006633c00000) (1024K)]
  0x00000189ac890e40 JavaThread "jar transforms Thread 6"           [_thread_blocked, id=9440, stack(0x0000006633c00000,0x0000006633d00000) (1024K)]
  0x00000189ac8914d0 JavaThread "jar transforms Thread 7"           [_thread_blocked, id=24524, stack(0x0000006633d00000,0x0000006633e00000) (1024K)]
  0x00000189ac892880 JavaThread "jar transforms Thread 8"           [_thread_blocked, id=21480, stack(0x0000006633e00000,0x0000006633f00000) (1024K)]
  0x00000189ac893c30 JavaThread "Unconstrained build operations Thread 16"        [_thread_blocked, id=9384, stack(0x0000006633f00000,0x0000006634000000) (1024K)]
  0x00000189aa9b0650 JavaThread "Unconstrained build operations Thread 17"        [_thread_blocked, id=24192, stack(0x0000006634000000,0x0000006634100000) (1024K)]
  0x00000189aa9af930 JavaThread "Unconstrained build operations Thread 18"        [_thread_blocked, id=2464, stack(0x0000006634100000,0x0000006634200000) (1024K)]
  0x00000189aa9b1a00 JavaThread "Unconstrained build operations Thread 19"        [_thread_blocked, id=6032, stack(0x0000006634200000,0x0000006634300000) (1024K)]
  0x00000189aa9b0ce0 JavaThread "Unconstrained build operations Thread 20"        [_thread_blocked, id=11644, stack(0x0000006634300000,0x0000006634400000) (1024K)]
  0x00000189aa9affc0 JavaThread "Unconstrained build operations Thread 21"        [_thread_blocked, id=5152, stack(0x0000006634400000,0x0000006634500000) (1024K)]
  0x00000189aa9af2a0 JavaThread "Unconstrained build operations Thread 22"        [_thread_blocked, id=7348, stack(0x0000006634500000,0x0000006634600000) (1024K)]
  0x00000189aa9b2090 JavaThread "Unconstrained build operations Thread 23"        [_thread_blocked, id=24444, stack(0x0000006634600000,0x0000006634700000) (1024K)]
  0x00000189aa9b1370 JavaThread "Unconstrained build operations Thread 24"        [_thread_blocked, id=23676, stack(0x0000006634700000,0x0000006634800000) (1024K)]
  0x00000189aa9aec10 JavaThread "Unconstrained build operations Thread 25"        [_thread_blocked, id=21448, stack(0x0000006634800000,0x0000006634900000) (1024K)]
  0x00000189aa9b4160 JavaThread "Unconstrained build operations Thread 26"        [_thread_blocked, id=10696, stack(0x0000006634900000,0x0000006634a00000) (1024K)]
  0x00000189aa9b5510 JavaThread "Unconstrained build operations Thread 27"        [_thread_blocked, id=2092, stack(0x0000006634a00000,0x0000006634b00000) (1024K)]
  0x00000189aa9b2db0 JavaThread "Unconstrained build operations Thread 28"        [_thread_blocked, id=22544, stack(0x0000006634b00000,0x0000006634c00000) (1024K)]
  0x00000189aa9b5ba0 JavaThread "Unconstrained build operations Thread 29"        [_thread_blocked, id=9588, stack(0x0000006634c00000,0x0000006634d00000) (1024K)]
  0x00000189aa9b47f0 JavaThread "Unconstrained build operations Thread 30"        [_thread_blocked, id=5276, stack(0x0000006634d00000,0x0000006634e00000) (1024K)]
  0x00000189aa9b4e80 JavaThread "Unconstrained build operations Thread 31"        [_thread_blocked, id=13916, stack(0x0000006634e00000,0x0000006634f00000) (1024K)]
  0x00000189aa9b2720 JavaThread "Unconstrained build operations Thread 32"        [_thread_blocked, id=13720, stack(0x0000006634f00000,0x0000006635000000) (1024K)]
  0x00000189aa9b3440 JavaThread "Unconstrained build operations Thread 33"        [_thread_blocked, id=16816, stack(0x0000006635000000,0x0000006635100000) (1024K)]
  0x00000189aa9b6230 JavaThread "Unconstrained build operations Thread 34"        [_thread_blocked, id=13648, stack(0x0000006635100000,0x0000006635200000) (1024K)]
  0x00000189aa9b3ad0 JavaThread "Unconstrained build operations Thread 35"        [_thread_blocked, id=12252, stack(0x0000006635200000,0x0000006635300000) (1024K)]
  0x00000189a81ce700 JavaThread "Unconstrained build operations Thread 36"        [_thread_blocked, id=21056, stack(0x0000006635300000,0x0000006635400000) (1024K)]
  0x00000189a81cd9e0 JavaThread "Unconstrained build operations Thread 37"        [_thread_blocked, id=2580, stack(0x0000006635400000,0x0000006635500000) (1024K)]
  0x00000189a81ce070 JavaThread "Unconstrained build operations Thread 38"        [_thread_blocked, id=1668, stack(0x0000006635500000,0x0000006635600000) (1024K)]
  0x00000189a81cb910 JavaThread "Unconstrained build operations Thread 39"        [_thread_blocked, id=3456, stack(0x0000006635600000,0x0000006635700000) (1024K)]
  0x00000189a81cb280 JavaThread "Unconstrained build operations Thread 40"        [_thread_blocked, id=7492, stack(0x0000006635700000,0x0000006635800000) (1024K)]
  0x00000189a81cc630 JavaThread "Unconstrained build operations Thread 41"        [_thread_blocked, id=21276, stack(0x0000006635800000,0x0000006635900000) (1024K)]
  0x00000189a81ced90 JavaThread "Unconstrained build operations Thread 42"        [_thread_blocked, id=6080, stack(0x0000006635900000,0x0000006635a00000) (1024K)]
  0x00000189a81cbfa0 JavaThread "Unconstrained build operations Thread 43"        [_thread_blocked, id=23388, stack(0x0000006635a00000,0x0000006635b00000) (1024K)]
  0x00000189a81cf420 JavaThread "Unconstrained build operations Thread 44"        [_thread_blocked, id=22324, stack(0x0000006635b00000,0x0000006635c00000) (1024K)]
  0x00000189a81cd350 JavaThread "Unconstrained build operations Thread 45"        [_thread_blocked, id=22988, stack(0x0000006635c00000,0x0000006635d00000) (1024K)]
  0x00000189a81cccc0 JavaThread "Unconstrained build operations Thread 46"        [_thread_blocked, id=3328, stack(0x0000006635d00000,0x0000006635e00000) (1024K)]
  0x00000189a81d0e60 JavaThread "Unconstrained build operations Thread 47"        [_thread_blocked, id=23976, stack(0x0000006635e00000,0x0000006635f00000) (1024K)]
  0x00000189a81d2210 JavaThread "Unconstrained build operations Thread 48"        [_thread_blocked, id=14748, stack(0x0000006635f00000,0x0000006636000000) (1024K)]
  0x00000189a81d14f0 JavaThread "Unconstrained build operations Thread 49"        [_thread_blocked, id=10272, stack(0x0000006636000000,0x0000006636100000) (1024K)]
  0x00000189a81d28a0 JavaThread "Unconstrained build operations Thread 50"        [_thread_blocked, id=12496, stack(0x0000006636100000,0x0000006636200000) (1024K)]
  0x00000189a81d07d0 JavaThread "Unconstrained build operations Thread 51"        [_thread_blocked, id=23392, stack(0x0000006636200000,0x0000006636300000) (1024K)]
  0x00000189a81d1b80 JavaThread "Unconstrained build operations Thread 52"        [_thread_blocked, id=11852, stack(0x0000006636300000,0x0000006636400000) (1024K)]
  0x00000189aca7ddb0 JavaThread "Unconstrained build operations Thread 53"        [_thread_blocked, id=12104, stack(0x0000006636400000,0x0000006636500000) (1024K)]
  0x00000189aca7fe80 JavaThread "Unconstrained build operations Thread 54"        [_thread_blocked, id=18872, stack(0x0000006636500000,0x0000006636600000) (1024K)]
  0x00000189aca80510 JavaThread "Unconstrained build operations Thread 55"        [_thread_blocked, id=7516, stack(0x0000006636600000,0x0000006636700000) (1024K)]
  0x00000189aca7e440 JavaThread "Unconstrained build operations Thread 56"        [_thread_blocked, id=21008, stack(0x0000006636700000,0x0000006636800000) (1024K)]
  0x00000189aca7ead0 JavaThread "Unconstrained build operations Thread 57"        [_thread_blocked, id=3240, stack(0x0000006636800000,0x0000006636900000) (1024K)]
  0x00000189aca7f160 JavaThread "Unconstrained build operations Thread 58"        [_thread_blocked, id=21012, stack(0x0000006636900000,0x0000006636a00000) (1024K)]
  0x00000189aca7f7f0 JavaThread "Unconstrained build operations Thread 59"        [_thread_blocked, id=10104, stack(0x0000006636a00000,0x0000006636b00000) (1024K)]
  0x00000189aca7d090 JavaThread "Unconstrained build operations Thread 60"        [_thread_blocked, id=21980, stack(0x0000006636b00000,0x0000006636c00000) (1024K)]
  0x00000189aca818c0 JavaThread "build event listener"              [_thread_blocked, id=21436, stack(0x0000006630200000,0x0000006630300000) (1024K)]
  0x00000189aca825e0 JavaThread "Memory manager"                    [_thread_blocked, id=1680, stack(0x0000006630400000,0x0000006630500000) (1024K)]
  0x00000189a7adf560 JavaThread "build event listener"              [_thread_blocked, id=10352, stack(0x0000006636c00000,0x0000006636d00000) (1024K)]
=>0x00000189ab1ceb70 JavaThread "C2 CompilerThread1"         daemon [_thread_in_native, id=6940, stack(0x0000006630300000,0x0000006630400000) (1024K)]
Total: 107

Other Threads:
  0x00000189a27e80f0 VMThread "VM Thread"                           [id=1396, stack(0x000000662f400000,0x000000662f500000) (1024K)]
  0x00000189a28819e0 WatcherThread "VM Periodic Task Thread"        [id=16788, stack(0x000000662f300000,0x000000662f400000) (1024K)]
  0x000001898a6821f0 WorkerThread "GC Thread#0"                     [id=15864, stack(0x000000662ee00000,0x000000662ef00000) (1024K)]
  0x00000189a720d1c0 WorkerThread "GC Thread#1"                     [id=5652, stack(0x0000006630500000,0x0000006630600000) (1024K)]
  0x00000189a724bda0 WorkerThread "GC Thread#2"                     [id=3596, stack(0x0000006630600000,0x0000006630700000) (1024K)]
  0x00000189a724c140 WorkerThread "GC Thread#3"                     [id=20516, stack(0x0000006630700000,0x0000006630800000) (1024K)]
  0x00000189a724c4e0 WorkerThread "GC Thread#4"                     [id=16500, stack(0x0000006630800000,0x0000006630900000) (1024K)]
  0x00000189a737ffa0 WorkerThread "GC Thread#5"                     [id=15308, stack(0x0000006630900000,0x0000006630a00000) (1024K)]
  0x00000189a8e1ef90 WorkerThread "GC Thread#6"                     [id=10804, stack(0x0000006630d00000,0x0000006630e00000) (1024K)]
  0x00000189a8e1fe30 WorkerThread "GC Thread#7"                     [id=13520, stack(0x0000006630e00000,0x0000006630f00000) (1024K)]
  0x00000189a901f7a0 WorkerThread "GC Thread#8"                     [id=22464, stack(0x0000006630f00000,0x0000006631000000) (1024K)]
  0x00000189a8fa5c40 WorkerThread "GC Thread#9"                     [id=12220, stack(0x0000006631000000,0x0000006631100000) (1024K)]
  0x00000189a8fa6380 WorkerThread "GC Thread#10"                    [id=9532, stack(0x0000006631100000,0x0000006631200000) (1024K)]
  0x00000189a8fa6720 WorkerThread "GC Thread#11"                    [id=992, stack(0x0000006631200000,0x0000006631300000) (1024K)]
  0x00000189a8fa5fe0 WorkerThread "GC Thread#12"                    [id=8728, stack(0x0000006631300000,0x0000006631400000) (1024K)]
  0x000001898a6933b0 ConcurrentGCThread "G1 Main Marker"            [id=24492, stack(0x000000662ef00000,0x000000662f000000) (1024K)]
  0x000001898a694930 WorkerThread "G1 Conc#0"                       [id=21640, stack(0x000000662f000000,0x000000662f100000) (1024K)]
  0x00000189a8fa6ac0 WorkerThread "G1 Conc#1"                       [id=11968, stack(0x0000006631b00000,0x0000006631c00000) (1024K)]
  0x00000189a8fa5160 WorkerThread "G1 Conc#2"                       [id=2696, stack(0x0000006631c00000,0x0000006631d00000) (1024K)]
  0x00000189a26ee990 ConcurrentGCThread "G1 Refine#0"               [id=1532, stack(0x000000662f100000,0x000000662f200000) (1024K)]
  0x00000189a26eedc0 ConcurrentGCThread "G1 Service"                [id=24464, stack(0x000000662f200000,0x000000662f300000) (1024K)]
Total: 21

Threads with active compile tasks:
C2 CompilerThread1  8647 11671       4       org.gradle.internal.reflect.ClassInspector::inspectClass (179 bytes)
Total: 1

VM state: not at safepoint (normal execution)

VM Mutex/Monitor currently owned by a thread: None

Heap address: 0x0000000080000000, size: 2048 MB, Compressed Oops mode: 32-bit

CDS archive(s) not mapped
Compressed class space mapped at: 0x0000000100000000-0x0000000140000000, reserved size: 1073741824
Narrow klass base: 0x0000000000000000, Narrow klass shift: 3, Narrow klass range: 0x140000000

GC Precious Log:
 CardTable entry size: 512
 Card Set container configuration: InlinePtr #cards 5 size 8 Array Of Cards #cards 12 size 40 Howl #buckets 4 coarsen threshold 1843 Howl Bitmap #cards 512 size 80 coarsen threshold 460 Card regions per heap region 1 cards per card region 2048
 CPUs: 16 total, 16 available
 Memory: 16088M
 Large Page Support: Disabled
 NUMA Support: Disabled
 Compressed Oops: Enabled (32-bit)
 Heap Region Size: 1M
 Heap Min Capacity: 8M
 Heap Initial Capacity: 252M
 Heap Max Capacity: 2G
 Pre-touch: Disabled
 Parallel Workers: 13
 Concurrent Workers: 3
 Concurrent Refinement Workers: 13
 Periodic GC: Disabled

Heap:
 garbage-first heap   total 168960K, used 119720K [0x0000000080000000, 0x0000000100000000)
  region size 1024K, 28 young (28672K), 8 survivors (8192K)
 Metaspace       used 100566K, committed 102656K, reserved 1179648K
  class space    used 13837K, committed 14848K, reserved 1048576K

Heap Regions: E=young(eden), S=young(survivor), O=old, HS=humongous(starts), HC=humongous(continues), CS=collection set, F=free, TAMS=top-at-mark-start, PB=parsable bottom
|   0|0x0000000080000000, 0x0000000080100000, 0x0000000080100000|100%|HS|  |TAMS 0x0000000080000000| PB 0x0000000080000000| Complete 
|   1|0x0000000080100000, 0x0000000080200000, 0x0000000080200000|100%|HC|  |TAMS 0x0000000080100000| PB 0x0000000080100000| Complete 
|   2|0x0000000080200000, 0x0000000080300000, 0x0000000080300000|100%|HC|  |TAMS 0x0000000080200000| PB 0x0000000080200000| Complete 
|   3|0x0000000080300000, 0x0000000080400000, 0x0000000080400000|100%| O|  |TAMS 0x0000000080300000| PB 0x0000000080300000| Untracked 
|   4|0x0000000080400000, 0x0000000080500000, 0x0000000080500000|100%| O|  |TAMS 0x0000000080400000| PB 0x0000000080400000| Untracked 
|   5|0x0000000080500000, 0x0000000080600000, 0x0000000080600000|100%| O|  |TAMS 0x0000000080500000| PB 0x0000000080500000| Untracked 
|   6|0x0000000080600000, 0x0000000080700000, 0x0000000080700000|100%|HS|  |TAMS 0x0000000080600000| PB 0x0000000080600000| Complete 
|   7|0x0000000080700000, 0x0000000080800000, 0x0000000080800000|100%| O|  |TAMS 0x0000000080700000| PB 0x0000000080700000| Untracked 
|   8|0x0000000080800000, 0x0000000080900000, 0x0000000080900000|100%| O|  |TAMS 0x0000000080800000| PB 0x0000000080800000| Untracked 
|   9|0x0000000080900000, 0x0000000080a00000, 0x0000000080a00000|100%| O|  |TAMS 0x0000000080900000| PB 0x0000000080900000| Untracked 
|  10|0x0000000080a00000, 0x0000000080b00000, 0x0000000080b00000|100%| O|  |TAMS 0x0000000080a00000| PB 0x0000000080a00000| Untracked 
|  11|0x0000000080b00000, 0x0000000080c00000, 0x0000000080c00000|100%| O|  |TAMS 0x0000000080b00000| PB 0x0000000080b00000| Untracked 
|  12|0x0000000080c00000, 0x0000000080d00000, 0x0000000080d00000|100%| O|  |TAMS 0x0000000080c00000| PB 0x0000000080c00000| Untracked 
|  13|0x0000000080d00000, 0x0000000080e00000, 0x0000000080e00000|100%| O|  |TAMS 0x0000000080d00000| PB 0x0000000080d00000| Untracked 
|  14|0x0000000080e00000, 0x0000000080f00000, 0x0000000080f00000|100%| O|  |TAMS 0x0000000080e00000| PB 0x0000000080e00000| Untracked 
|  15|0x0000000080f00000, 0x0000000081000000, 0x0000000081000000|100%| O|  |TAMS 0x0000000080f00000| PB 0x0000000080f00000| Untracked 
|  16|0x0000000081000000, 0x0000000081100000, 0x0000000081100000|100%| O|  |TAMS 0x0000000081000000| PB 0x0000000081000000| Untracked 
|  17|0x0000000081100000, 0x0000000081200000, 0x0000000081200000|100%| O|  |TAMS 0x0000000081100000| PB 0x0000000081100000| Untracked 
|  18|0x0000000081200000, 0x0000000081300000, 0x0000000081300000|100%| O|  |TAMS 0x0000000081200000| PB 0x0000000081200000| Untracked 
|  19|0x0000000081300000, 0x0000000081400000, 0x0000000081400000|100%| O|  |TAMS 0x0000000081300000| PB 0x0000000081300000| Untracked 
|  20|0x0000000081400000, 0x0000000081500000, 0x0000000081500000|100%| O|  |TAMS 0x0000000081400000| PB 0x0000000081400000| Untracked 
|  21|0x0000000081500000, 0x0000000081600000, 0x0000000081600000|100%| O|  |TAMS 0x0000000081500000| PB 0x0000000081500000| Untracked 
|  22|0x0000000081600000, 0x0000000081700000, 0x0000000081700000|100%| O|  |TAMS 0x0000000081600000| PB 0x0000000081600000| Untracked 
|  23|0x0000000081700000, 0x0000000081800000, 0x0000000081800000|100%| O|  |TAMS 0x0000000081700000| PB 0x0000000081700000| Untracked 
|  24|0x0000000081800000, 0x0000000081900000, 0x0000000081900000|100%| O|  |TAMS 0x0000000081800000| PB 0x0000000081800000| Untracked 
|  25|0x0000000081900000, 0x0000000081a00000, 0x0000000081a00000|100%| O|  |TAMS 0x0000000081900000| PB 0x0000000081900000| Untracked 
|  26|0x0000000081a00000, 0x0000000081b00000, 0x0000000081b00000|100%|HS|  |TAMS 0x0000000081a00000| PB 0x0000000081a00000| Complete 
|  27|0x0000000081b00000, 0x0000000081c00000, 0x0000000081c00000|100%|HC|  |TAMS 0x0000000081b00000| PB 0x0000000081b00000| Complete 
|  28|0x0000000081c00000, 0x0000000081d00000, 0x0000000081d00000|100%| O|  |TAMS 0x0000000081c00000| PB 0x0000000081c00000| Untracked 
|  29|0x0000000081d00000, 0x0000000081e00000, 0x0000000081e00000|100%| O|  |TAMS 0x0000000081d00000| PB 0x0000000081d00000| Untracked 
|  30|0x0000000081e00000, 0x0000000081f00000, 0x0000000081f00000|100%| O|  |TAMS 0x0000000081e00000| PB 0x0000000081e00000| Untracked 
|  31|0x0000000081f00000, 0x0000000082000000, 0x0000000082000000|100%| O|  |TAMS 0x0000000081f00000| PB 0x0000000081f00000| Untracked 
|  32|0x0000000082000000, 0x0000000082100000, 0x0000000082100000|100%| O|  |TAMS 0x0000000082000000| PB 0x0000000082000000| Untracked 
|  33|0x0000000082100000, 0x0000000082200000, 0x0000000082200000|100%| O|  |TAMS 0x0000000082100000| PB 0x0000000082100000| Untracked 
|  34|0x0000000082200000, 0x0000000082300000, 0x0000000082300000|100%| O|  |TAMS 0x0000000082200000| PB 0x0000000082200000| Untracked 
|  35|0x0000000082300000, 0x0000000082400000, 0x0000000082400000|100%| O|  |TAMS 0x0000000082300000| PB 0x0000000082300000| Untracked 
|  36|0x0000000082400000, 0x0000000082500000, 0x0000000082500000|100%| O|  |TAMS 0x0000000082400000| PB 0x0000000082400000| Untracked 
|  37|0x0000000082500000, 0x0000000082600000, 0x0000000082600000|100%| O|  |TAMS 0x0000000082500000| PB 0x0000000082500000| Untracked 
|  38|0x0000000082600000, 0x0000000082700000, 0x0000000082700000|100%| O|  |TAMS 0x0000000082600000| PB 0x0000000082600000| Untracked 
|  39|0x0000000082700000, 0x0000000082700000, 0x0000000082800000|  0%| F|  |TAMS 0x0000000082700000| PB 0x0000000082700000| Untracked 
|  40|0x0000000082800000, 0x0000000082900000, 0x0000000082900000|100%| O|  |TAMS 0x0000000082800000| PB 0x0000000082800000| Untracked 
|  41|0x0000000082900000, 0x0000000082a00000, 0x0000000082a00000|100%| O|  |TAMS 0x0000000082900000| PB 0x0000000082900000| Untracked 
|  42|0x0000000082a00000, 0x0000000082b00000, 0x0000000082b00000|100%| O|  |TAMS 0x0000000082a00000| PB 0x0000000082a00000| Untracked 
|  43|0x0000000082b00000, 0x0000000082c00000, 0x0000000082c00000|100%| O|  |TAMS 0x0000000082b00000| PB 0x0000000082b00000| Untracked 
|  44|0x0000000082c00000, 0x0000000082d00000, 0x0000000082d00000|100%| O|  |TAMS 0x0000000082c00000| PB 0x0000000082c00000| Untracked 
|  45|0x0000000082d00000, 0x0000000082e00000, 0x0000000082e00000|100%| O|  |TAMS 0x0000000082d00000| PB 0x0000000082d00000| Untracked 
|  46|0x0000000082e00000, 0x0000000082f00000, 0x0000000082f00000|100%|HS|  |TAMS 0x0000000082e00000| PB 0x0000000082e00000| Complete 
|  47|0x0000000082f00000, 0x0000000083000000, 0x0000000083000000|100%| O|  |TAMS 0x0000000082f00000| PB 0x0000000082f00000| Untracked 
|  48|0x0000000083000000, 0x0000000083100000, 0x0000000083100000|100%|HS|  |TAMS 0x0000000083000000| PB 0x0000000083000000| Complete 
|  49|0x0000000083100000, 0x0000000083200000, 0x0000000083200000|100%|HS|  |TAMS 0x0000000083100000| PB 0x0000000083100000| Complete 
|  50|0x0000000083200000, 0x0000000083300000, 0x0000000083300000|100%| O|  |TAMS 0x0000000083200000| PB 0x0000000083200000| Untracked 
|  51|0x0000000083300000, 0x0000000083300000, 0x0000000083400000|  0%| F|  |TAMS 0x0000000083300000| PB 0x0000000083300000| Untracked 
|  52|0x0000000083400000, 0x0000000083500000, 0x0000000083500000|100%|HS|  |TAMS 0x0000000083400000| PB 0x0000000083400000| Complete 
|  53|0x0000000083500000, 0x0000000083600000, 0x0000000083600000|100%|HC|  |TAMS 0x0000000083500000| PB 0x0000000083500000| Complete 
|  54|0x0000000083600000, 0x0000000083700000, 0x0000000083700000|100%|HS|  |TAMS 0x0000000083600000| PB 0x0000000083600000| Complete 
|  55|0x0000000083700000, 0x0000000083800000, 0x0000000083800000|100%|HC|  |TAMS 0x0000000083700000| PB 0x0000000083700000| Complete 
|  56|0x0000000083800000, 0x0000000083900000, 0x0000000083900000|100%|HS|  |TAMS 0x0000000083800000| PB 0x0000000083800000| Complete 
|  57|0x0000000083900000, 0x0000000083a00000, 0x0000000083a00000|100%|HC|  |TAMS 0x0000000083900000| PB 0x0000000083900000| Complete 
|  58|0x0000000083a00000, 0x0000000083b00000, 0x0000000083b00000|100%|HC|  |TAMS 0x0000000083a00000| PB 0x0000000083a00000| Complete 
|  59|0x0000000083b00000, 0x0000000083c00000, 0x0000000083c00000|100%|HS|  |TAMS 0x0000000083b00000| PB 0x0000000083b00000| Complete 
|  60|0x0000000083c00000, 0x0000000083d00000, 0x0000000083d00000|100%| O|  |TAMS 0x0000000083c00000| PB 0x0000000083c00000| Untracked 
|  61|0x0000000083d00000, 0x0000000083e00000, 0x0000000083e00000|100%|HS|  |TAMS 0x0000000083d00000| PB 0x0000000083d00000| Complete 
|  62|0x0000000083e00000, 0x0000000083f00000, 0x0000000083f00000|100%|HS|  |TAMS 0x0000000083e00000| PB 0x0000000083e00000| Complete 
|  63|0x0000000083f00000, 0x0000000084000000, 0x0000000084000000|100%| O|  |TAMS 0x0000000083f00000| PB 0x0000000083f00000| Untracked 
|  64|0x0000000084000000, 0x0000000084100000, 0x0000000084100000|100%| O|  |TAMS 0x0000000084000000| PB 0x0000000084000000| Untracked 
|  65|0x0000000084100000, 0x0000000084200000, 0x0000000084200000|100%| O|  |TAMS 0x0000000084100000| PB 0x0000000084100000| Untracked 
|  66|0x0000000084200000, 0x0000000084300000, 0x0000000084300000|100%|HS|  |TAMS 0x0000000084200000| PB 0x0000000084200000| Complete 
|  67|0x0000000084300000, 0x0000000084400000, 0x0000000084400000|100%| O|  |TAMS 0x0000000084300000| PB 0x0000000084300000| Untracked 
|  68|0x0000000084400000, 0x0000000084500000, 0x0000000084500000|100%| O|  |TAMS 0x0000000084400000| PB 0x0000000084400000| Untracked 
|  69|0x0000000084500000, 0x0000000084600000, 0x0000000084600000|100%| O|  |TAMS 0x0000000084500000| PB 0x0000000084500000| Untracked 
|  70|0x0000000084600000, 0x0000000084700000, 0x0000000084700000|100%| O|  |TAMS 0x0000000084600000| PB 0x0000000084600000| Untracked 
|  71|0x0000000084700000, 0x0000000084800000, 0x0000000084800000|100%| O|  |TAMS 0x0000000084700000| PB 0x0000000084700000| Untracked 
|  72|0x0000000084800000, 0x0000000084800000, 0x0000000084900000|  0%| F|  |TAMS 0x0000000084800000| PB 0x0000000084800000| Untracked 
|  73|0x0000000084900000, 0x0000000084a00000, 0x0000000084a00000|100%| O|  |TAMS 0x0000000084900000| PB 0x0000000084900000| Untracked 
|  74|0x0000000084a00000, 0x0000000084b00000, 0x0000000084b00000|100%| O|  |TAMS 0x0000000084a00000| PB 0x0000000084a00000| Untracked 
|  75|0x0000000084b00000, 0x0000000084c00000, 0x0000000084c00000|100%| O|  |TAMS 0x0000000084b00000| PB 0x0000000084b00000| Untracked 
|  76|0x0000000084c00000, 0x0000000084d00000, 0x0000000084d00000|100%| O|  |TAMS 0x0000000084c00000| PB 0x0000000084c00000| Untracked 
|  77|0x0000000084d00000, 0x0000000084e00000, 0x0000000084e00000|100%|HS|  |TAMS 0x0000000084d00000| PB 0x0000000084d00000| Complete 
|  78|0x0000000084e00000, 0x0000000084f00000, 0x0000000084f00000|100%|HC|  |TAMS 0x0000000084e00000| PB 0x0000000084e00000| Complete 
|  79|0x0000000084f00000, 0x0000000085000000, 0x0000000085000000|100%|HC|  |TAMS 0x0000000084f00000| PB 0x0000000084f00000| Complete 
|  80|0x0000000085000000, 0x0000000085100000, 0x0000000085100000|100%| O|  |TAMS 0x0000000085000000| PB 0x0000000085000000| Untracked 
|  81|0x0000000085100000, 0x0000000085200000, 0x0000000085200000|100%| O|  |TAMS 0x0000000085100000| PB 0x0000000085100000| Untracked 
|  82|0x0000000085200000, 0x0000000085300000, 0x0000000085300000|100%| O|  |TAMS 0x0000000085200000| PB 0x0000000085200000| Untracked 
|  83|0x0000000085300000, 0x00000000853ea230, 0x0000000085400000| 91%| O|  |TAMS 0x0000000085300000| PB 0x0000000085300000| Untracked 
|  84|0x0000000085400000, 0x0000000085400000, 0x0000000085500000|  0%| F|  |TAMS 0x0000000085400000| PB 0x0000000085400000| Untracked 
|  85|0x0000000085500000, 0x0000000085500000, 0x0000000085600000|  0%| F|  |TAMS 0x0000000085500000| PB 0x0000000085500000| Untracked 
|  86|0x0000000085600000, 0x0000000085600000, 0x0000000085700000|  0%| F|  |TAMS 0x0000000085600000| PB 0x0000000085600000| Untracked 
|  87|0x0000000085700000, 0x0000000085700000, 0x0000000085800000|  0%| F|  |TAMS 0x0000000085700000| PB 0x0000000085700000| Untracked 
|  88|0x0000000085800000, 0x0000000085900000, 0x0000000085900000|100%| S|CS|TAMS 0x0000000085800000| PB 0x0000000085800000| Complete 
|  89|0x0000000085900000, 0x0000000085900000, 0x0000000085a00000|  0%| F|  |TAMS 0x0000000085900000| PB 0x0000000085900000| Untracked 
|  90|0x0000000085a00000, 0x0000000085a00000, 0x0000000085b00000|  0%| F|  |TAMS 0x0000000085a00000| PB 0x0000000085a00000| Untracked 
|  91|0x0000000085b00000, 0x0000000085b00000, 0x0000000085c00000|  0%| F|  |TAMS 0x0000000085b00000| PB 0x0000000085b00000| Untracked 
|  92|0x0000000085c00000, 0x0000000085c00000, 0x0000000085d00000|  0%| F|  |TAMS 0x0000000085c00000| PB 0x0000000085c00000| Untracked 
|  93|0x0000000085d00000, 0x0000000085d00000, 0x0000000085e00000|  0%| F|  |TAMS 0x0000000085d00000| PB 0x0000000085d00000| Untracked 
|  94|0x0000000085e00000, 0x0000000085e00000, 0x0000000085f00000|  0%| F|  |TAMS 0x0000000085e00000| PB 0x0000000085e00000| Untracked 
|  95|0x0000000085f00000, 0x0000000085f00000, 0x0000000086000000|  0%| F|  |TAMS 0x0000000085f00000| PB 0x0000000085f00000| Untracked 
|  96|0x0000000086000000, 0x0000000086100000, 0x0000000086100000|100%| S|CS|TAMS 0x0000000086000000| PB 0x0000000086000000| Complete 
|  97|0x0000000086100000, 0x0000000086200000, 0x0000000086200000|100%| S|CS|TAMS 0x0000000086100000| PB 0x0000000086100000| Complete 
|  98|0x0000000086200000, 0x0000000086300000, 0x0000000086300000|100%| S|CS|TAMS 0x0000000086200000| PB 0x0000000086200000| Complete 
|  99|0x0000000086300000, 0x0000000086400000, 0x0000000086400000|100%| S|CS|TAMS 0x0000000086300000| PB 0x0000000086300000| Complete 
| 100|0x0000000086400000, 0x0000000086500000, 0x0000000086500000|100%| S|CS|TAMS 0x0000000086400000| PB 0x0000000086400000| Complete 
| 101|0x0000000086500000, 0x0000000086600000, 0x0000000086600000|100%| S|CS|TAMS 0x0000000086500000| PB 0x0000000086500000| Complete 
| 102|0x0000000086600000, 0x0000000086700000, 0x0000000086700000|100%| S|CS|TAMS 0x0000000086600000| PB 0x0000000086600000| Complete 
| 103|0x0000000086700000, 0x0000000086700000, 0x0000000086800000|  0%| F|  |TAMS 0x0000000086700000| PB 0x0000000086700000| Untracked 
| 104|0x0000000086800000, 0x0000000086800000, 0x0000000086900000|  0%| F|  |TAMS 0x0000000086800000| PB 0x0000000086800000| Untracked 
| 105|0x0000000086900000, 0x0000000086900000, 0x0000000086a00000|  0%| F|  |TAMS 0x0000000086900000| PB 0x0000000086900000| Untracked 
| 106|0x0000000086a00000, 0x0000000086a00000, 0x0000000086b00000|  0%| F|  |TAMS 0x0000000086a00000| PB 0x0000000086a00000| Untracked 
| 107|0x0000000086b00000, 0x0000000086b00000, 0x0000000086c00000|  0%| F|  |TAMS 0x0000000086b00000| PB 0x0000000086b00000| Untracked 
| 108|0x0000000086c00000, 0x0000000086c00000, 0x0000000086d00000|  0%| F|  |TAMS 0x0000000086c00000| PB 0x0000000086c00000| Untracked 
| 109|0x0000000086d00000, 0x0000000086d00000, 0x0000000086e00000|  0%| F|  |TAMS 0x0000000086d00000| PB 0x0000000086d00000| Untracked 
| 110|0x0000000086e00000, 0x0000000086e00000, 0x0000000086f00000|  0%| F|  |TAMS 0x0000000086e00000| PB 0x0000000086e00000| Untracked 
| 111|0x0000000086f00000, 0x0000000086f00000, 0x0000000087000000|  0%| F|  |TAMS 0x0000000086f00000| PB 0x0000000086f00000| Untracked 
| 112|0x0000000087000000, 0x0000000087000000, 0x0000000087100000|  0%| F|  |TAMS 0x0000000087000000| PB 0x0000000087000000| Untracked 
| 113|0x0000000087100000, 0x0000000087100000, 0x0000000087200000|  0%| F|  |TAMS 0x0000000087100000| PB 0x0000000087100000| Untracked 
| 114|0x0000000087200000, 0x0000000087200000, 0x0000000087300000|  0%| F|  |TAMS 0x0000000087200000| PB 0x0000000087200000| Untracked 
| 115|0x0000000087300000, 0x0000000087300000, 0x0000000087400000|  0%| F|  |TAMS 0x0000000087300000| PB 0x0000000087300000| Untracked 
| 116|0x0000000087400000, 0x0000000087400000, 0x0000000087500000|  0%| F|  |TAMS 0x0000000087400000| PB 0x0000000087400000| Untracked 
| 117|0x0000000087500000, 0x0000000087500000, 0x0000000087600000|  0%| F|  |TAMS 0x0000000087500000| PB 0x0000000087500000| Untracked 
| 118|0x0000000087600000, 0x0000000087600000, 0x0000000087700000|  0%| F|  |TAMS 0x0000000087600000| PB 0x0000000087600000| Untracked 
| 119|0x0000000087700000, 0x0000000087700000, 0x0000000087800000|  0%| F|  |TAMS 0x0000000087700000| PB 0x0000000087700000| Untracked 
| 120|0x0000000087800000, 0x0000000087800000, 0x0000000087900000|  0%| F|  |TAMS 0x0000000087800000| PB 0x0000000087800000| Untracked 
| 121|0x0000000087900000, 0x0000000087900000, 0x0000000087a00000|  0%| F|  |TAMS 0x0000000087900000| PB 0x0000000087900000| Untracked 
| 122|0x0000000087a00000, 0x0000000087a00000, 0x0000000087b00000|  0%| F|  |TAMS 0x0000000087a00000| PB 0x0000000087a00000| Untracked 
| 123|0x0000000087b00000, 0x0000000087b00000, 0x0000000087c00000|  0%| F|  |TAMS 0x0000000087b00000| PB 0x0000000087b00000| Untracked 
| 124|0x0000000087c00000, 0x0000000087c00000, 0x0000000087d00000|  0%| F|  |TAMS 0x0000000087c00000| PB 0x0000000087c00000| Untracked 
| 125|0x0000000087d00000, 0x0000000087d00000, 0x0000000087e00000|  0%| F|  |TAMS 0x0000000087d00000| PB 0x0000000087d00000| Untracked 
| 126|0x0000000087e00000, 0x0000000087e00000, 0x0000000087f00000|  0%| F|  |TAMS 0x0000000087e00000| PB 0x0000000087e00000| Untracked 
| 127|0x0000000087f00000, 0x0000000087f00000, 0x0000000088000000|  0%| F|  |TAMS 0x0000000087f00000| PB 0x0000000087f00000| Untracked 
| 128|0x0000000088000000, 0x0000000088000000, 0x0000000088100000|  0%| F|  |TAMS 0x0000000088000000| PB 0x0000000088000000| Untracked 
| 129|0x0000000088100000, 0x0000000088100000, 0x0000000088200000|  0%| F|  |TAMS 0x0000000088100000| PB 0x0000000088100000| Untracked 
| 130|0x0000000088200000, 0x0000000088200000, 0x0000000088300000|  0%| F|  |TAMS 0x0000000088200000| PB 0x0000000088200000| Untracked 
| 131|0x0000000088300000, 0x0000000088300000, 0x0000000088400000|  0%| F|  |TAMS 0x0000000088300000| PB 0x0000000088300000| Untracked 
| 132|0x0000000088400000, 0x0000000088400000, 0x0000000088500000|  0%| F|  |TAMS 0x0000000088400000| PB 0x0000000088400000| Untracked 
| 133|0x0000000088500000, 0x0000000088500000, 0x0000000088600000|  0%| F|  |TAMS 0x0000000088500000| PB 0x0000000088500000| Untracked 
| 134|0x0000000088600000, 0x0000000088600000, 0x0000000088700000|  0%| F|  |TAMS 0x0000000088600000| PB 0x0000000088600000| Untracked 
| 135|0x0000000088700000, 0x0000000088700000, 0x0000000088800000|  0%| F|  |TAMS 0x0000000088700000| PB 0x0000000088700000| Untracked 
| 136|0x0000000088800000, 0x0000000088880000, 0x0000000088900000| 50%| E|  |TAMS 0x0000000088800000| PB 0x0000000088800000| Complete 
| 137|0x0000000088900000, 0x0000000088a00000, 0x0000000088a00000|100%| E|CS|TAMS 0x0000000088900000| PB 0x0000000088900000| Complete 
| 138|0x0000000088a00000, 0x0000000088b00000, 0x0000000088b00000|100%| E|CS|TAMS 0x0000000088a00000| PB 0x0000000088a00000| Complete 
| 139|0x0000000088b00000, 0x0000000088c00000, 0x0000000088c00000|100%| E|CS|TAMS 0x0000000088b00000| PB 0x0000000088b00000| Complete 
| 140|0x0000000088c00000, 0x0000000088d00000, 0x0000000088d00000|100%| E|CS|TAMS 0x0000000088c00000| PB 0x0000000088c00000| Complete 
| 141|0x0000000088d00000, 0x0000000088e00000, 0x0000000088e00000|100%| E|CS|TAMS 0x0000000088d00000| PB 0x0000000088d00000| Complete 
| 142|0x0000000088e00000, 0x0000000088f00000, 0x0000000088f00000|100%| E|CS|TAMS 0x0000000088e00000| PB 0x0000000088e00000| Complete 
| 143|0x0000000088f00000, 0x0000000089000000, 0x0000000089000000|100%| E|CS|TAMS 0x0000000088f00000| PB 0x0000000088f00000| Complete 
| 231|0x000000008e700000, 0x000000008e800000, 0x000000008e800000|100%| E|CS|TAMS 0x000000008e700000| PB 0x000000008e700000| Complete 
| 232|0x000000008e800000, 0x000000008e900000, 0x000000008e900000|100%| E|CS|TAMS 0x000000008e800000| PB 0x000000008e800000| Complete 
| 233|0x000000008e900000, 0x000000008ea00000, 0x000000008ea00000|100%| E|CS|TAMS 0x000000008e900000| PB 0x000000008e900000| Complete 
| 234|0x000000008ea00000, 0x000000008eb00000, 0x000000008eb00000|100%| E|CS|TAMS 0x000000008ea00000| PB 0x000000008ea00000| Complete 
| 235|0x000000008eb00000, 0x000000008ec00000, 0x000000008ec00000|100%| E|CS|TAMS 0x000000008eb00000| PB 0x000000008eb00000| Complete 
| 236|0x000000008ec00000, 0x000000008ed00000, 0x000000008ed00000|100%| E|CS|TAMS 0x000000008ec00000| PB 0x000000008ec00000| Complete 
| 237|0x000000008ed00000, 0x000000008ee00000, 0x000000008ee00000|100%| E|CS|TAMS 0x000000008ed00000| PB 0x000000008ed00000| Complete 
| 238|0x000000008ee00000, 0x000000008ef00000, 0x000000008ef00000|100%| E|CS|TAMS 0x000000008ee00000| PB 0x000000008ee00000| Complete 
| 239|0x000000008ef00000, 0x000000008f000000, 0x000000008f000000|100%| E|CS|TAMS 0x000000008ef00000| PB 0x000000008ef00000| Complete 
| 240|0x000000008f000000, 0x000000008f100000, 0x000000008f100000|100%| E|CS|TAMS 0x000000008f000000| PB 0x000000008f000000| Complete 
| 241|0x000000008f100000, 0x000000008f200000, 0x000000008f200000|100%| E|CS|TAMS 0x000000008f100000| PB 0x000000008f100000| Complete 
| 251|0x000000008fb00000, 0x000000008fc00000, 0x000000008fc00000|100%| E|CS|TAMS 0x000000008fb00000| PB 0x000000008fb00000| Complete 
|2039|0x00000000ff700000, 0x00000000ff800000, 0x00000000ff800000|100%| O|  |TAMS 0x00000000ff700000| PB 0x00000000ff700000| Untracked 
|2040|0x00000000ff800000, 0x00000000ff900000, 0x00000000ff900000|100%| O|  |TAMS 0x00000000ff800000| PB 0x00000000ff800000| Untracked 
|2041|0x00000000ff900000, 0x00000000ffa00000, 0x00000000ffa00000|100%| O|  |TAMS 0x00000000ff900000| PB 0x00000000ff900000| Untracked 
|2042|0x00000000ffa00000, 0x00000000ffb00000, 0x00000000ffb00000|100%| O|  |TAMS 0x00000000ffa00000| PB 0x00000000ffa00000| Untracked 
|2043|0x00000000ffb00000, 0x00000000ffc00000, 0x00000000ffc00000|100%| O|  |TAMS 0x00000000ffb00000| PB 0x00000000ffb00000| Untracked 
|2044|0x00000000ffc00000, 0x00000000ffd00000, 0x00000000ffd00000|100%| O|  |TAMS 0x00000000ffc00000| PB 0x00000000ffc00000| Untracked 
|2045|0x00000000ffd00000, 0x00000000ffe00000, 0x00000000ffe00000|100%| O|  |TAMS 0x00000000ffd00000| PB 0x00000000ffd00000| Untracked 
|2046|0x00000000ffe00000, 0x00000000fff00000, 0x00000000fff00000|100%| O|  |TAMS 0x00000000ffe00000| PB 0x00000000ffe00000| Untracked 
|2047|0x00000000fff00000, 0x0000000100000000, 0x0000000100000000|100%| O|  |TAMS 0x00000000fff00000| PB 0x00000000fff00000| Untracked 

Card table byte_map: [0x000001899d420000,0x000001899d820000] _byte_map_base: 0x000001899d020000

Marking Bits: (CMBitMap*) 0x000001898a682800
 Bits: [0x000001899d820000, 0x000001899f820000)

Polling page: 0x0000018988680000

Metaspace:

Usage:
  Non-class:     84.70 MB used.
      Class:     13.51 MB used.
       Both:     98.22 MB used.

Virtual space:
  Non-class space:      128.00 MB reserved,      85.75 MB ( 67%) committed,  2 nodes.
      Class space:        1.00 GB reserved,      14.50 MB (  1%) committed,  1 nodes.
             Both:        1.12 GB reserved,     100.25 MB (  9%) committed. 

Chunk freelists:
   Non-Class:  9.84 MB
       Class:  1.36 MB
        Both:  11.20 MB

MaxMetaspaceSize: unlimited
CompressedClassSpaceSize: 1.00 GB
Initial GC threshold: 21.00 MB
Current GC threshold: 154.38 MB
CDS: off
 - commit_granule_bytes: 65536.
 - commit_granule_words: 8192.
 - virtual_space_node_default_size: 8388608.
 - enlarge_chunks_in_place: 1.
 - use_allocation_guard: 0.


Internal statistics:

num_allocs_failed_limit: 9.
num_arena_births: 3924.
num_arena_deaths: 0.
num_vsnodes_births: 3.
num_vsnodes_deaths: 0.
num_space_committed: 1604.
num_space_uncommitted: 0.
num_chunks_returned_to_freelist: 9.
num_chunks_taken_from_freelist: 8180.
num_chunk_merges: 6.
num_chunk_splits: 5325.
num_chunks_enlarged: 3296.
num_inconsistent_stats: 0.

CodeHeap 'non-profiled nmethods': size=119168Kb used=5814Kb max_used=5814Kb free=113353Kb
 bounds [0x0000018995320000, 0x00000189958d0000, 0x000001899c780000]
CodeHeap 'profiled nmethods': size=119104Kb used=19106Kb max_used=19106Kb free=99997Kb
 bounds [0x000001898d780000, 0x000001898ea30000, 0x0000018994bd0000]
CodeHeap 'non-nmethods': size=7488Kb used=4516Kb max_used=4556Kb free=2971Kb
 bounds [0x0000018994bd0000, 0x0000018995050000, 0x0000018995320000]
CodeCache: size=245760Kb, used=29436Kb, max_used=29476Kb, free=216321Kb
 total_blobs=11144, nmethods=10188, adapters=857, full_count=0
Compilation: enabled, stopped_count=0, restarted_count=0

Compilation events (20 events):
Event: 8.522 Thread 0x00000189a297e390 11684       1       org.gradle.internal.action.DefaultConfigurableRule::isCacheable (5 bytes)
Event: 8.522 Thread 0x00000189a297e390 nmethod 11684 0x00000189958cb210 code [0x00000189958cb3a0, 0x00000189958cb470]
Event: 8.527 Thread 0x00000189a2971e60 nmethod 11681 0x00000189958cb510 code [0x00000189958cb700, 0x00000189958cbba8]
Event: 8.527 Thread 0x00000189a2971e60 11682       4       java.util.Spliterators$ArraySpliterator::estimateSize (27 bytes)
Event: 8.527 Thread 0x00000189a2971e60 nmethod 11682 0x00000189958cc210 code [0x00000189958cc3a0, 0x00000189958cc468]
Event: 8.528 Thread 0x00000189a297d5f0 11685       3       java.util.regex.Pattern::escape (1306 bytes)
Event: 8.529 Thread 0x00000189a2971e60 11686       4       org.objectweb.asm.Type::getOpcode (284 bytes)
Event: 8.530 Thread 0x00000189a2971e60 nmethod 11686 0x00000189958cc510 code [0x00000189958cc6a0, 0x00000189958cc830]
Event: 8.531 Thread 0x00000189a297d5f0 nmethod 11685 0x000001898ea1f190 code [0x000001898ea1fce0, 0x000001898ea265a0]
Event: 8.542 Thread 0x00000189a297e390 11687       3       org.gradle.tooling.internal.provider.runner.ProjectConfigurationTracker$ProjectConfigurationResult$$Lambda/0x0000000100a64000::<init> (15 bytes)
Event: 8.542 Thread 0x00000189a297d5f0 11688       3       org.gradle.tooling.internal.provider.runner.ProjectConfigurationTracker$PluginApplicationResult::increment (10 bytes)
Event: 8.542 Thread 0x00000189a297d5f0 nmethod 11688 0x000001898ea27c10 code [0x000001898ea27dc0, 0x000001898ea27f00]
Event: 8.542 Thread 0x00000189a297d5f0 11689       3       org.gradle.internal.build.event.types.DefaultBinaryPluginIdentifier::hashCode (8 bytes)
Event: 8.542 Thread 0x00000189a297e390 nmethod 11687 0x000001898ea28010 code [0x000001898ea281c0, 0x000001898ea283e0]
Event: 8.542 Thread 0x00000189a297d5f0 nmethod 11689 0x000001898ea28490 code [0x000001898ea28640, 0x000001898ea28780]
Event: 8.556 Thread 0x00000189a2971e60 11690   !   4       sun.reflect.annotation.AnnotationParser::parseAnnotations (37 bytes)
Event: 8.557 Thread 0x00000189a2971e60 nmethod 11690 0x00000189958cc990 code [0x00000189958ccb20, 0x00000189958ccc08]
Event: 8.557 Thread 0x00000189a2971e60 11691       4       org.gradle.model.internal.asm.MethodVisitorScope::_INVOKEINTERFACE (12 bytes)
Event: 8.557 Thread 0x00000189a2971e60 nmethod 11691 0x00000189958ccd10 code [0x00000189958ccea0, 0x00000189958ccf68]
Event: 8.557 Thread 0x00000189a2971e60 11692       4       org.gradle.model.internal.asm.MethodVisitorScope::_GETFIELD (11 bytes)

GC Heap History (20 events):
Event: 5.542 GC heap before
{Heap before GC invocations=20 (full 0):
 garbage-first heap   total 108544K, used 94764K [0x0000000080000000, 0x0000000100000000)
  region size 1024K, 43 young (44032K), 5 survivors (5120K)
 Metaspace       used 73067K, committed 74816K, reserved 1114112K
  class space    used 10223K, committed 11072K, reserved 1048576K
}
Event: 5.545 GC heap after
{Heap after GC invocations=21 (full 0):
 garbage-first heap   total 131072K, used 57896K [0x0000000080000000, 0x0000000100000000)
  region size 1024K, 4 young (4096K), 4 survivors (4096K)
 Metaspace       used 73067K, committed 74816K, reserved 1114112K
  class space    used 10223K, committed 11072K, reserved 1048576K
}
Event: 5.637 GC heap before
{Heap before GC invocations=21 (full 0):
 garbage-first heap   total 131072K, used 115240K [0x0000000080000000, 0x0000000100000000)
  region size 1024K, 61 young (62464K), 4 survivors (4096K)
 Metaspace       used 73069K, committed 74816K, reserved 1114112K
  class space    used 10224K, committed 11072K, reserved 1048576K
}
Event: 5.639 GC heap after
{Heap after GC invocations=22 (full 0):
 garbage-first heap   total 131072K, used 57451K [0x0000000080000000, 0x0000000100000000)
  region size 1024K, 5 young (5120K), 5 survivors (5120K)
 Metaspace       used 73069K, committed 74816K, reserved 1114112K
  class space    used 10224K, committed 11072K, reserved 1048576K
}
Event: 5.750 GC heap before
{Heap before GC invocations=22 (full 0):
 garbage-first heap   total 131072K, used 76907K [0x0000000080000000, 0x0000000100000000)
  region size 1024K, 26 young (26624K), 5 survivors (5120K)
 Metaspace       used 73499K, committed 75264K, reserved 1114112K
  class space    used 10280K, committed 11136K, reserved 1048576K
}
Event: 5.752 GC heap after
{Heap after GC invocations=23 (full 0):
 garbage-first heap   total 131072K, used 59339K [0x0000000080000000, 0x0000000100000000)
  region size 1024K, 6 young (6144K), 6 survivors (6144K)
 Metaspace       used 73499K, committed 75264K, reserved 1114112K
  class space    used 10280K, committed 11136K, reserved 1048576K
}
Event: 6.338 GC heap before
{Heap before GC invocations=24 (full 0):
 garbage-first heap   total 131072K, used 121803K [0x0000000080000000, 0x0000000100000000)
  region size 1024K, 54 young (55296K), 6 survivors (6144K)
 Metaspace       used 76763K, committed 78528K, reserved 1179648K
  class space    used 10698K, committed 11520K, reserved 1048576K
}
Event: 6.345 GC heap after
{Heap after GC invocations=25 (full 0):
 garbage-first heap   total 137216K, used 80125K [0x0000000080000000, 0x0000000100000000)
  region size 1024K, 7 young (7168K), 7 survivors (7168K)
 Metaspace       used 76763K, committed 78528K, reserved 1179648K
  class space    used 10698K, committed 11520K, reserved 1048576K
}
Event: 6.656 GC heap before
{Heap before GC invocations=25 (full 0):
 garbage-first heap   total 137216K, used 119037K [0x0000000080000000, 0x0000000100000000)
  region size 1024K, 46 young (47104K), 7 survivors (7168K)
 Metaspace       used 81378K, committed 83264K, reserved 1179648K
  class space    used 11135K, committed 12032K, reserved 1048576K
}
Event: 6.660 GC heap after
{Heap after GC invocations=26 (full 0):
 garbage-first heap   total 168960K, used 80922K [0x0000000080000000, 0x0000000100000000)
  region size 1024K, 2 young (2048K), 2 survivors (2048K)
 Metaspace       used 81378K, committed 83264K, reserved 1179648K
  class space    used 11135K, committed 12032K, reserved 1048576K
}
Event: 7.056 GC heap before
{Heap before GC invocations=26 (full 0):
 garbage-first heap   total 168960K, used 142362K [0x0000000080000000, 0x0000000100000000)
  region size 1024K, 58 young (59392K), 2 survivors (2048K)
 Metaspace       used 86389K, committed 88256K, reserved 1179648K
  class space    used 11891K, committed 12800K, reserved 1048576K
}
Event: 7.060 GC heap after
{Heap after GC invocations=27 (full 0):
 garbage-first heap   total 168960K, used 87361K [0x0000000080000000, 0x0000000100000000)
  region size 1024K, 7 young (7168K), 7 survivors (7168K)
 Metaspace       used 86389K, committed 88256K, reserved 1179648K
  class space    used 11891K, committed 12800K, reserved 1048576K
}
Event: 7.508 GC heap before
{Heap before GC invocations=27 (full 0):
 garbage-first heap   total 168960K, used 142657K [0x0000000080000000, 0x0000000100000000)
  region size 1024K, 61 young (62464K), 7 survivors (7168K)
 Metaspace       used 90953K, committed 92928K, reserved 1179648K
  class space    used 12491K, committed 13440K, reserved 1048576K
}
Event: 7.512 GC heap after
{Heap after GC invocations=28 (full 0):
 garbage-first heap   total 168960K, used 90150K [0x0000000080000000, 0x0000000100000000)
  region size 1024K, 3 young (3072K), 3 survivors (3072K)
 Metaspace       used 90953K, committed 92928K, reserved 1179648K
  class space    used 12491K, committed 13440K, reserved 1048576K
}
Event: 7.635 GC heap before
{Heap before GC invocations=28 (full 0):
 garbage-first heap   total 168960K, used 101414K [0x0000000080000000, 0x0000000100000000)
  region size 1024K, 15 young (15360K), 3 survivors (3072K)
 Metaspace       used 92842K, committed 94784K, reserved 1179648K
  class space    used 12728K, committed 13696K, reserved 1048576K
}
Event: 7.638 GC heap after
{Heap after GC invocations=29 (full 0):
 garbage-first heap   total 168960K, used 90953K [0x0000000080000000, 0x0000000100000000)
  region size 1024K, 4 young (4096K), 4 survivors (4096K)
 Metaspace       used 92842K, committed 94784K, reserved 1179648K
  class space    used 12728K, committed 13696K, reserved 1048576K
}
Event: 8.152 GC heap before
{Heap before GC invocations=30 (full 0):
 garbage-first heap   total 168960K, used 151369K [0x0000000080000000, 0x0000000100000000)
  region size 1024K, 60 young (61440K), 4 survivors (4096K)
 Metaspace       used 96946K, committed 98944K, reserved 1179648K
  class space    used 13345K, committed 14336K, reserved 1048576K
}
Event: 8.155 GC heap after
{Heap after GC invocations=31 (full 0):
 garbage-first heap   total 168960K, used 96818K [0x0000000080000000, 0x0000000100000000)
  region size 1024K, 7 young (7168K), 7 survivors (7168K)
 Metaspace       used 96946K, committed 98944K, reserved 1179648K
  class space    used 13345K, committed 14336K, reserved 1048576K
}
Event: 8.433 GC heap before
{Heap before GC invocations=31 (full 0):
 garbage-first heap   total 168960K, used 151090K [0x0000000080000000, 0x0000000100000000)
  region size 1024K, 60 young (61440K), 7 survivors (7168K)
 Metaspace       used 99088K, committed 101120K, reserved 1179648K
  class space    used 13609K, committed 14592K, reserved 1048576K
}
Event: 8.441 GC heap after
{Heap after GC invocations=32 (full 0):
 garbage-first heap   total 168960K, used 100264K [0x0000000080000000, 0x0000000100000000)
  region size 1024K, 8 young (8192K), 8 survivors (8192K)
 Metaspace       used 99088K, committed 101120K, reserved 1179648K
  class space    used 13609K, committed 14592K, reserved 1048576K
}

Dll operation events (3 events):
Event: 0.007 Loaded shared library C:\Program Files\Android\Android Studio\jbr\bin\java.dll
Event: 0.011 Loaded shared library C:\Program Files\Android\Android Studio\jbr\bin\zip.dll
Event: 0.381 Loaded shared library C:\Program Files\Android\Android Studio\jbr\bin\verify.dll

Deoptimization events (20 events):
Event: 8.250 Thread 0x00000189a7adce00 DEOPT PACKING pc=0x000001899588f370 sp=0x00000066317f8c50
Event: 8.250 Thread 0x00000189a7adce00 DEOPT UNPACKING pc=0x0000018994c246a2 sp=0x00000066317f8bf8 mode 2
Event: 8.250 Thread 0x00000189a7adce00 Uncommon trap: trap_request=0xffffffd6 fr.pc=0x000001899588f370 relative=0x0000000000000b10
Event: 8.250 Thread 0x00000189a7adce00 Uncommon trap: reason=array_check action=maybe_recompile pc=0x000001899588f370 method=com.google.common.collect.RegularImmutableMap.fromEntryArrayCheckingBucketOverflow(I[Ljava/util/Map$Entry;Z)Lcom/google/common/collect/ImmutableMap; @ 220 c2
Event: 8.250 Thread 0x00000189a7adce00 DEOPT PACKING pc=0x000001899588f370 sp=0x00000066317f8c80
Event: 8.250 Thread 0x00000189a7adce00 DEOPT UNPACKING pc=0x0000018994c246a2 sp=0x00000066317f8c28 mode 2
Event: 8.258 Thread 0x00000189a7adce00 Uncommon trap: trap_request=0xffffffd6 fr.pc=0x000001899588f370 relative=0x0000000000000b10
Event: 8.258 Thread 0x00000189a7adce00 Uncommon trap: reason=array_check action=maybe_recompile pc=0x000001899588f370 method=com.google.common.collect.RegularImmutableMap.fromEntryArrayCheckingBucketOverflow(I[Ljava/util/Map$Entry;Z)Lcom/google/common/collect/ImmutableMap; @ 220 c2
Event: 8.258 Thread 0x00000189a7adce00 DEOPT PACKING pc=0x000001899588f370 sp=0x00000066317f9630
Event: 8.258 Thread 0x00000189a7adce00 DEOPT UNPACKING pc=0x0000018994c246a2 sp=0x00000066317f95d8 mode 2
Event: 8.280 Thread 0x00000189a7adce00 DEOPT PACKING pc=0x000001898e319868 sp=0x00000066317f85b0
Event: 8.280 Thread 0x00000189a7adce00 DEOPT UNPACKING pc=0x0000018994c24e42 sp=0x00000066317f7ab0 mode 0
Event: 8.480 Thread 0x00000189a7adce00 Uncommon trap: trap_request=0xffffff45 fr.pc=0x0000018995833410 relative=0x0000000000008010
Event: 8.480 Thread 0x00000189a7adce00 Uncommon trap: reason=unstable_if action=reinterpret pc=0x0000018995833410 method=org.gradle.internal.instantiation.generator.AbstractClassGenerator$PropertyMetadata.addGetter(Lorg/gradle/internal/instantiation/generator/AbstractClassGenerator$MethodMetad
Event: 8.480 Thread 0x00000189a7adce00 DEOPT PACKING pc=0x0000018995833410 sp=0x00000066317f86e0
Event: 8.480 Thread 0x00000189a7adce00 DEOPT UNPACKING pc=0x0000018994c246a2 sp=0x00000066317f85f8 mode 2
Event: 8.481 Thread 0x00000189a7adce00 Uncommon trap: trap_request=0xffffff45 fr.pc=0x00000189957f8ee4 relative=0x0000000000004d24
Event: 8.481 Thread 0x00000189a7adce00 Uncommon trap: reason=unstable_if action=reinterpret pc=0x00000189957f8ee4 method=org.gradle.internal.reflect.PropertyAccessorType.of(Ljava/lang/reflect/Method;)Lorg/gradle/internal/reflect/PropertyAccessorType; @ 56 c2
Event: 8.481 Thread 0x00000189a7adce00 DEOPT PACKING pc=0x00000189957f8ee4 sp=0x00000066317f86d0
Event: 8.481 Thread 0x00000189a7adce00 DEOPT UNPACKING pc=0x0000018994c246a2 sp=0x00000066317f8680 mode 2

Classes loaded (20 events):
Event: 7.604 Loading class javax/management/NotificationListener
Event: 7.604 Loading class javax/management/NotificationListener done
Event: 7.604 Loading class javax/management/NotificationFilter
Event: 7.604 Loading class javax/management/NotificationFilter done
Event: 7.604 Loading class javax/management/ListenerNotFoundException
Event: 7.604 Loading class javax/management/OperationsException
Event: 7.604 Loading class javax/management/JMException
Event: 7.604 Loading class javax/management/JMException done
Event: 7.604 Loading class javax/management/OperationsException done
Event: 7.604 Loading class javax/management/ListenerNotFoundException done
Event: 7.604 Loading class jdk/jfr/FlightRecorder
Event: 7.604 Loading class jdk/jfr/FlightRecorder done
Event: 7.604 Loading class jdk/management/jfr/FlightRecorderMXBeanImpl$MXBeanListener
Event: 7.604 Loading class jdk/jfr/FlightRecorderListener
Event: 7.604 Loading class jdk/jfr/FlightRecorderListener done
Event: 7.604 Loading class jdk/management/jfr/FlightRecorderMXBeanImpl$MXBeanListener done
Event: 7.629 Loading class com/sun/jmx/mbeanserver/StandardMBeanSupport
Event: 7.629 Loading class com/sun/jmx/mbeanserver/StandardMBeanSupport done
Event: 7.629 Loading class com/sun/jmx/mbeanserver/StandardMBeanIntrospector
Event: 7.629 Loading class com/sun/jmx/mbeanserver/StandardMBeanIntrospector done

Classes unloaded (0 events):
No events

Classes redefined (0 events):
No events

Internal exceptions (20 events):
Event: 8.041 Thread 0x00000189a7adce00 Exception <a 'java/lang/NoSuchMethodError'{0x0000000086eeccf0}: 'java.lang.Object java.lang.invoke.DirectMethodHandle$Holder.newInvokeSpecial(java.lang.Object, java.lang.Object, java.lang.Object, java.lang.Object, java.lang.Object, java.lang.Object, java.lang.Object, java.lang.Object, java.lang.Object, java.lang.Object, java.lang.Object, java.lang.Object, java.lang.Object, java.lang.Object, java.lang.Object, java.lang.Object, java.lang.Object, java.lang.Object, java.lang.Object, java.lang.Object, java.lang
Event: 8.041 Thread 0x00000189a7adce00 Exception <a 'java/lang/NoSuchMethodError'{0x0000000086ef4b38}: 'java.lang.Object java.lang.invoke.DirectMethodHandle$Holder.invokeSpecial(java.lang.Object, java.lang.Object, java.lang.Object, java.lang.Object, java.lang.Object, java.lang.Object, java.lang.Object, java.lang.Object, java.lang.Object, java.lang.Object, java.lang.Object, java.lang.Object, java.lang.Object, java.lang.Object, java.lang.Object, java.lang.Object, java.lang.Object, java.lang.Object, java.lang.Object, java.lang.Object, java.lang.Ob
Event: 8.042 Thread 0x00000189a7adce00 Exception <a 'java/lang/NoSuchMethodError'{0x0000000086efb370}: 'java.lang.Object java.lang.invoke.DelegatingMethodHandle$Holder.reinvoke_L(java.lang.Object, java.lang.Object, java.lang.Object, java.lang.Object, java.lang.Object, java.lang.Object, java.lang.Object, java.lang.Object, java.lang.Object, java.lang.Object, java.lang.Object, java.lang.Object, java.lang.Object, java.lang.Object, java.lang.Object, java.lang.Object, java.lang.Object, java.lang.Object, java.lang.Object, java.lang.Object, java.lang.O
Event: 8.085 Thread 0x00000189a7adce00 Exception <a 'java/lang/ClassNotFoundException'{0x00000000869a5848}: org/jetbrains/kotlin/gradle/targets/js/npm/DefaultNpmDependencyExtensionBeanInfo> (0x00000000869a5848) 
thrown [s\src\hotspot\share\classfile\systemDictionary.cpp, line 312]
Event: 8.085 Thread 0x00000189a7adce00 Exception <a 'java/lang/ClassNotFoundException'{0x00000000869b4778}: org/jetbrains/kotlin/gradle/targets/js/npm/DefaultNpmDependencyExtensionCustomizer> (0x00000000869b4778) 
thrown [s\src\hotspot\share\classfile\systemDictionary.cpp, line 312]
Event: 8.088 Thread 0x00000189a7adce00 Exception <a 'java/lang/ClassNotFoundException'{0x0000000086847180}: org/jetbrains/kotlin/gradle/targets/js/npm/NpmDependencyExtensionKt$defaultNpmDependencyDelegate$1BeanInfo> (0x0000000086847180) 
thrown [s\src\hotspot\share\classfile\systemDictionary.cpp, line 312]
Event: 8.088 Thread 0x00000189a7adce00 Exception <a 'java/lang/ClassNotFoundException'{0x0000000086857670}: org/jetbrains/kotlin/gradle/targets/js/npm/NpmDependencyExtensionDelegateBeanInfo> (0x0000000086857670) 
thrown [s\src\hotspot\share\classfile\systemDictionary.cpp, line 312]
Event: 8.088 Thread 0x00000189a7adce00 Exception <a 'java/lang/ClassNotFoundException'{0x0000000086867e00}: org/jetbrains/kotlin/gradle/targets/js/npm/NpmDependencyExtensionDelegateCustomizer> (0x0000000086867e00) 
thrown [s\src\hotspot\share\classfile\systemDictionary.cpp, line 312]
Event: 8.089 Thread 0x00000189a7adce00 Exception <a 'java/lang/ClassNotFoundException'{0x0000000086899608}: org/jetbrains/kotlin/gradle/targets/js/npm/NpmDependencyExtensionKt$defaultNpmDependencyDelegate$1Customizer> (0x0000000086899608) 
thrown [s\src\hotspot\share\classfile\systemDictionary.cpp, line 312]
Event: 8.090 Thread 0x00000189a7adce00 Exception <a 'java/lang/ClassNotFoundException'{0x00000000868daf98}: org/jetbrains/kotlin/gradle/targets/js/npm/DefaultDevNpmDependencyExtensionBeanInfo> (0x00000000868daf98) 
thrown [s\src\hotspot\share\classfile\systemDictionary.cpp, line 312]
Event: 8.090 Thread 0x00000189a7adce00 Exception <a 'java/lang/ClassNotFoundException'{0x00000000868e9f10}: org/jetbrains/kotlin/gradle/targets/js/npm/DefaultDevNpmDependencyExtensionCustomizer> (0x00000000868e9f10) 
thrown [s\src\hotspot\share\classfile\systemDictionary.cpp, line 312]
Event: 8.092 Thread 0x00000189a7adce00 Exception <a 'java/lang/ClassNotFoundException'{0x00000000867341e8}: org/jetbrains/kotlin/gradle/targets/js/npm/DefaultPeerNpmDependencyExtensionBeanInfo> (0x00000000867341e8) 
thrown [s\src\hotspot\share\classfile\systemDictionary.cpp, line 312]
Event: 8.092 Thread 0x00000189a7adce00 Exception <a 'java/lang/ClassNotFoundException'{0x00000000867431c8}: org/jetbrains/kotlin/gradle/targets/js/npm/DefaultPeerNpmDependencyExtensionCustomizer> (0x00000000867431c8) 
thrown [s\src\hotspot\share\classfile\systemDictionary.cpp, line 312]
Event: 8.093 Thread 0x00000189a7adce00 Exception <a 'java/lang/ClassNotFoundException'{0x0000000086796fc8}: org/jetbrains/kotlin/gradle/targets/js/npm/DefaultPeerNpmDependencyExtension$delegate$1BeanInfo> (0x0000000086796fc8) 
thrown [s\src\hotspot\share\classfile\systemDictionary.cpp, line 312]
Event: 8.094 Thread 0x00000189a7adce00 Exception <a 'java/lang/ClassNotFoundException'{0x00000000867a6758}: org/jetbrains/kotlin/gradle/targets/js/npm/DefaultPeerNpmDependencyExtension$delegate$1Customizer> (0x00000000867a6758) 
thrown [s\src\hotspot\share\classfile\systemDictionary.cpp, line 312]
Event: 8.099 Thread 0x00000189a7adce00 Exception <a 'java/lang/NoSuchMethodError'{0x0000000086653670}: static Lorg/jetbrains/kotlin/gradle/plugin/internal/DefaultIdeaSyncDetector$createIdeaPropertiesEvaluator$1;.<clinit>()V> (0x0000000086653670) 
thrown [s\src\hotspot\share\prims\jni.cpp, line 1144]
Event: 8.204 Thread 0x00000189a7adce00 Implicit null exception at 0x00000189955a2674 to 0x00000189955a3e68
Event: 8.204 Thread 0x00000189a7adce00 Implicit null exception at 0x000001899549917c to 0x000001899549aae8
Event: 8.204 Thread 0x00000189a7adce00 Implicit null exception at 0x000001899579de8c to 0x000001899579e188
Event: 8.483 Thread 0x00000189a7adce00 Exception <a 'java/lang/NoSuchMethodError'{0x000000008eb53578}: 'java.lang.Object java.lang.invoke.DirectMethodHandle$Holder.newInvokeSpecial(java.lang.Object, java.lang.Object, java.lang.Object, java.lang.Object, java.lang.Object, java.lang.Object, java.lang.Object, java.lang.Object, java.lang.Object, java.lang.Object, java.lang.Object, java.lang.Object, java.lang.Object, java.lang.Object)'> (0x000000008eb53578) 
thrown [s\src\hotspot\share\interpreter\linkResolver.cpp, line 784]

ZGC Phase Switch (0 events):
No events

VM Operations (20 events):
Event: 7.465 Executing VM operation: HandshakeAllThreads (Deoptimize)
Event: 7.466 Executing VM operation: HandshakeAllThreads (Deoptimize) done
Event: 7.508 Executing VM operation: G1CollectForAllocation (G1 Evacuation Pause)
Event: 7.513 Executing VM operation: G1CollectForAllocation (G1 Evacuation Pause) done
Event: 7.635 Executing VM operation: G1TryInitiateConcMark (G1 Humongous Allocation)
Event: 7.638 Executing VM operation: G1TryInitiateConcMark (G1 Humongous Allocation) done
Event: 7.661 Executing VM operation: G1PauseRemark
Event: 7.665 Executing VM operation: G1PauseRemark done
Event: 7.678 Executing VM operation: G1PauseCleanup
Event: 7.679 Executing VM operation: G1PauseCleanup done
Event: 7.804 Executing VM operation: HandshakeAllThreads (Deoptimize)
Event: 7.805 Executing VM operation: HandshakeAllThreads (Deoptimize) done
Event: 8.151 Executing VM operation: G1CollectForAllocation (G1 Evacuation Pause)
Event: 8.155 Executing VM operation: G1CollectForAllocation (G1 Evacuation Pause) done
Event: 8.375 Executing VM operation: ICBufferFull
Event: 8.375 Executing VM operation: ICBufferFull done
Event: 8.433 Executing VM operation: G1CollectForAllocation (G1 Evacuation Pause)
Event: 8.441 Executing VM operation: G1CollectForAllocation (G1 Evacuation Pause) done
Event: 8.449 Executing VM operation: HandshakeAllThreads (Deoptimize)
Event: 8.449 Executing VM operation: HandshakeAllThreads (Deoptimize) done

Memory protections (0 events):
No events

Nmethod flushes (20 events):
Event: 7.664 Thread 0x00000189a27e80f0 flushing  nmethod 0x000001898d844890
Event: 7.664 Thread 0x00000189a27e80f0 flushing  nmethod 0x000001898d961a10
Event: 7.664 Thread 0x00000189a27e80f0 flushing  nmethod 0x000001898da38b90
Event: 7.664 Thread 0x00000189a27e80f0 flushing  nmethod 0x000001898dea0790
Event: 7.664 Thread 0x00000189a27e80f0 flushing  nmethod 0x000001898dec3e10
Event: 7.664 Thread 0x00000189a27e80f0 flushing  nmethod 0x000001898df53510
Event: 7.664 Thread 0x00000189a27e80f0 flushing  nmethod 0x000001898e08e890
Event: 7.664 Thread 0x00000189a27e80f0 flushing  nmethod 0x000001898e091810
Event: 7.664 Thread 0x00000189a27e80f0 flushing  nmethod 0x000001898e092810
Event: 7.664 Thread 0x00000189a27e80f0 flushing  nmethod 0x000001898e0e3490
Event: 7.664 Thread 0x00000189a27e80f0 flushing  nmethod 0x000001898e0e4790
Event: 7.664 Thread 0x00000189a27e80f0 flushing  nmethod 0x000001898e0e4f90
Event: 7.664 Thread 0x00000189a27e80f0 flushing  nmethod 0x000001898e0ee310
Event: 7.664 Thread 0x00000189a27e80f0 flushing  nmethod 0x000001898e0ee710
Event: 7.664 Thread 0x00000189a27e80f0 flushing  nmethod 0x000001898e1ea110
Event: 7.664 Thread 0x00000189a27e80f0 flushing  nmethod 0x000001898e29dd10
Event: 7.664 Thread 0x00000189a27e80f0 flushing  nmethod 0x000001898e3be690
Event: 7.664 Thread 0x00000189a27e80f0 flushing  nmethod 0x000001898e4ef810
Event: 7.664 Thread 0x00000189a27e80f0 flushing  nmethod 0x000001898e567890
Event: 7.664 Thread 0x00000189a27e80f0 flushing  nmethod 0x000001898e567f10

Events (20 events):
Event: 5.391 Thread 0x00000189a7adce00 Thread added: 0x00000189a81d28a0
Event: 5.391 Thread 0x00000189a7adce00 Thread added: 0x00000189a81d07d0
Event: 5.391 Thread 0x00000189a7adce00 Thread added: 0x00000189a81d1b80
Event: 5.391 Thread 0x00000189a7adce00 Thread added: 0x00000189aca7ddb0
Event: 5.392 Thread 0x00000189a7adce00 Thread added: 0x00000189aca7fe80
Event: 5.392 Thread 0x00000189a7adce00 Thread added: 0x00000189aca80510
Event: 5.393 Thread 0x00000189a7adce00 Thread added: 0x00000189aca7e440
Event: 5.393 Thread 0x00000189a7adce00 Thread added: 0x00000189aca7ead0
Event: 5.394 Thread 0x00000189a7adce00 Thread added: 0x00000189aca7f160
Event: 5.394 Thread 0x00000189a7adce00 Thread added: 0x00000189aca7f7f0
Event: 5.394 Thread 0x00000189a7adce00 Thread added: 0x00000189aca7d090
Event: 6.510 Thread 0x00000189a297b3e0 Thread exited: 0x00000189a297b3e0
Event: 6.515 Thread 0x00000189a297ea60 Thread exited: 0x00000189a297ea60
Event: 6.515 Thread 0x00000189a297c180 Thread exited: 0x00000189a297c180
Event: 6.537 Thread 0x00000189a7adce00 Thread added: 0x00000189aca818c0
Event: 6.640 Thread 0x00000189a297e390 Thread added: 0x00000189ab1cbbc0
Event: 6.795 Thread 0x00000189a7adce00 Thread added: 0x00000189aca825e0
Event: 7.688 Thread 0x00000189a7adce00 Thread added: 0x00000189a7adf560
Event: 7.961 Thread 0x00000189ab1cbbc0 Thread exited: 0x00000189ab1cbbc0
Event: 8.062 Thread 0x00000189a297d5f0 Thread added: 0x00000189ab1ceb70


Dynamic libraries:
0x00007ff76a3e0000 - 0x00007ff76a3ea000 	C:\Program Files\Android\Android Studio\jbr\bin\java.exe
0x00007ff914280000 - 0x00007ff9144e7000 	C:\WINDOWS\SYSTEM32\ntdll.dll
0x00007ff9134a0000 - 0x00007ff913569000 	C:\WINDOWS\System32\KERNEL32.DLL
0x00007ff911a80000 - 0x00007ff911e77000 	C:\WINDOWS\System32\KERNELBASE.dll
0x00007ff911800000 - 0x00007ff91194b000 	C:\WINDOWS\System32\ucrtbase.dll
0x00007ff909980000 - 0x00007ff90999b000 	C:\Program Files\Android\Android Studio\jbr\bin\VCRUNTIME140.dll
0x00007ff8dc330000 - 0x00007ff8dc348000 	C:\Program Files\Android\Android Studio\jbr\bin\jli.dll
0x00007ff912b50000 - 0x00007ff912d16000 	C:\WINDOWS\System32\USER32.dll
0x00007ff911720000 - 0x00007ff911747000 	C:\WINDOWS\System32\win32u.dll
0x00007ff912170000 - 0x00007ff91219b000 	C:\WINDOWS\System32\GDI32.dll
0x00007ff8fcba0000 - 0x00007ff8fce32000 	C:\WINDOWS\WinSxS\amd64_microsoft.windows.common-controls_6595b64144ccf1df_6.0.26100.8328_none_3e08182ce334b678\COMCTL32.dll
0x00007ff911950000 - 0x00007ff911a7c000 	C:\WINDOWS\System32\gdi32full.dll
0x00007ff912e70000 - 0x00007ff912f19000 	C:\WINDOWS\System32\msvcrt.dll
0x00007ff911750000 - 0x00007ff9117f3000 	C:\WINDOWS\System32\msvcp_win.dll
0x00007ff912f20000 - 0x00007ff912f52000 	C:\WINDOWS\System32\IMM32.DLL
0x00007ff907e50000 - 0x00007ff907e5c000 	C:\Program Files\Android\Android Studio\jbr\bin\vcruntime140_1.dll
0x00007ff891e80000 - 0x00007ff891f0d000 	C:\Program Files\Android\Android Studio\jbr\bin\msvcp140.dll
0x00007ff860070000 - 0x00007ff860d06000 	C:\Program Files\Android\Android Studio\jbr\bin\server\jvm.dll
0x00007ff912d20000 - 0x00007ff912dd6000 	C:\WINDOWS\System32\ADVAPI32.dll
0x00007ff912f60000 - 0x00007ff913007000 	C:\WINDOWS\System32\sechost.dll
0x00007ff9136b0000 - 0x00007ff9137c8000 	C:\WINDOWS\System32\RPCRT4.dll
0x00007ff912230000 - 0x00007ff9122b0000 	C:\WINDOWS\System32\WS2_32.dll
0x00007ff90c090000 - 0x00007ff90c0c6000 	C:\WINDOWS\SYSTEM32\WINMM.dll
0x00007ff910b10000 - 0x00007ff910b6e000 	C:\WINDOWS\SYSTEM32\POWRPROF.dll
0x00007ff908000000 - 0x00007ff90800b000 	C:\WINDOWS\SYSTEM32\VERSION.dll
0x00007ff910af0000 - 0x00007ff910b04000 	C:\WINDOWS\SYSTEM32\UMPDC.dll
0x00007ff90fa10000 - 0x00007ff90fa2b000 	C:\WINDOWS\SYSTEM32\kernel.appcore.dll
0x00007ff907e40000 - 0x00007ff907e4a000 	C:\Program Files\Android\Android Studio\jbr\bin\jimage.dll
0x00007ff90eb10000 - 0x00007ff90ed52000 	C:\WINDOWS\SYSTEM32\DBGHELP.DLL
0x00007ff9139f0000 - 0x00007ff913d73000 	C:\WINDOWS\System32\combase.dll
0x00007ff9135d0000 - 0x00007ff9136a9000 	C:\WINDOWS\System32\OLEAUT32.dll
0x00007ff8dc080000 - 0x00007ff8dc0bb000 	C:\WINDOWS\SYSTEM32\dbgcore.DLL
0x00007ff9115b0000 - 0x00007ff911658000 	C:\WINDOWS\System32\bcryptPrimitives.dll
0x00007ff8dc320000 - 0x00007ff8dc32e000 	C:\Program Files\Android\Android Studio\jbr\bin\instrument.dll
0x00007ff8e8590000 - 0x00007ff8e85b0000 	C:\Program Files\Android\Android Studio\jbr\bin\java.dll
0x00007ff8e1460000 - 0x00007ff8e1478000 	C:\Program Files\Android\Android Studio\jbr\bin\zip.dll
0x00007ff9122d0000 - 0x00007ff912a3e000 	C:\WINDOWS\System32\SHELL32.dll
0x00007ff910d40000 - 0x00007ff9115ac000 	C:\WINDOWS\System32\windows.storage.dll
0x00007ff912a50000 - 0x00007ff912b46000 	C:\WINDOWS\System32\SHCORE.dll
0x00007ff914140000 - 0x00007ff9141a6000 	C:\WINDOWS\System32\shlwapi.dll
0x00007ff910bd0000 - 0x00007ff910bf9000 	C:\WINDOWS\SYSTEM32\profapi.dll
0x00007ff907de0000 - 0x00007ff907df0000 	C:\Program Files\Android\Android Studio\jbr\bin\net.dll
0x00007ff9080f0000 - 0x00007ff908219000 	C:\WINDOWS\SYSTEM32\WINHTTP.dll
0x00007ff90ffb0000 - 0x00007ff91001c000 	C:\WINDOWS\system32\mswsock.dll
0x00007ff8e0520000 - 0x00007ff8e0536000 	C:\Program Files\Android\Android Studio\jbr\bin\nio.dll
0x00007ff8f3480000 - 0x00007ff8f3490000 	C:\Program Files\Android\Android Studio\jbr\bin\verify.dll
0x00007ff891f50000 - 0x00007ff891f77000 	C:\Users\Nihal\.gradle\native\1def1411415f61bf3af743bc5b6707747c0891f09f0c88961ee8f79bc544acac\windows-amd64\native-platform.dll
0x00007ff884bb0000 - 0x00007ff884c28000 	C:\Users\Nihal\.gradle\native\0.2.7\x86_64-windows-gnu\gradle-fileevents.dll
0x00007ff8faf90000 - 0x00007ff8faf99000 	C:\Program Files\Android\Android Studio\jbr\bin\management.dll
0x00007ff8fa710000 - 0x00007ff8fa71b000 	C:\Program Files\Android\Android Studio\jbr\bin\management_ext.dll
0x00007ff9141b0000 - 0x00007ff9141b8000 	C:\WINDOWS\System32\PSAPI.DLL
0x00007ff90f3f0000 - 0x00007ff90f422000 	C:\WINDOWS\SYSTEM32\IPHLPAPI.DLL
0x00007ff9122c0000 - 0x00007ff9122ca000 	C:\WINDOWS\System32\NSI.dll
0x00007ff907400000 - 0x00007ff907409000 	C:\Program Files\Android\Android Studio\jbr\bin\extnet.dll
0x00007ff9102a0000 - 0x00007ff9102bb000 	C:\WINDOWS\SYSTEM32\CRYPTSP.dll
0x00007ff90f970000 - 0x00007ff90f9a9000 	C:\WINDOWS\system32\rsaenh.dll
0x00007ff910060000 - 0x00007ff910093000 	C:\WINDOWS\SYSTEM32\USERENV.dll
0x00007ff910ba0000 - 0x00007ff910bca000 	C:\WINDOWS\SYSTEM32\bcrypt.dll
0x00007ff910290000 - 0x00007ff91029c000 	C:\WINDOWS\SYSTEM32\CRYPTBASE.dll
0x00007ff8f6260000 - 0x00007ff8f6268000 	C:\WINDOWS\system32\wshunix.dll

JVMTI agents:
C:\Users\Nihal\.gradle\wrapper\dists\gradle-8.13-bin\5xuhj0ry160q40clulazy9h7d\gradle-8.13\lib\agents\gradle-instrumentation-agent-8.13.jar path:C:\Program Files\Android\Android Studio\jbr\bin\instrument.dll, loaded, initialized, instrumentlib options:none

dbghelp: loaded successfully - version: 4.0.5 - missing functions: none
symbol engine: initialized successfully - sym options: 0x614 - pdb path: .;C:\Program Files\Android\Android Studio\jbr\bin;C:\WINDOWS\SYSTEM32;C:\WINDOWS\WinSxS\amd64_microsoft.windows.common-controls_6595b64144ccf1df_6.0.26100.8328_none_3e08182ce334b678;C:\Program Files\Android\Android Studio\jbr\bin\server;C:\Users\Nihal\.gradle\native\1def1411415f61bf3af743bc5b6707747c0891f09f0c88961ee8f79bc544acac\windows-amd64;C:\Users\Nihal\.gradle\native\0.2.7\x86_64-windows-gnu

VM Arguments:
jvm_args: --add-opens=java.base/java.lang=ALL-UNNAMED --add-opens=java.base/java.lang.invoke=ALL-UNNAMED --add-opens=java.base/java.util=ALL-UNNAMED --add-opens=java.prefs/java.util.prefs=ALL-UNNAMED --add-exports=jdk.compiler/com.sun.tools.javac.api=ALL-UNNAMED --add-exports=jdk.compiler/com.sun.tools.javac.util=ALL-UNNAMED --add-opens=java.base/java.util=ALL-UNNAMED --add-opens=java.prefs/java.util.prefs=ALL-UNNAMED --add-opens=java.base/java.nio.charset=ALL-UNNAMED --add-opens=java.base/java.net=ALL-UNNAMED --add-opens=java.base/java.util.concurrent.atomic=ALL-UNNAMED --add-opens=java.xml/javax.xml.namespace=ALL-UNNAMED -Xmx2048m -Dfile.encoding=UTF-8 -Duser.country=IN -Duser.language=en -Duser.variant -javaagent:C:\Users\Nihal\.gradle\wrapper\dists\gradle-8.13-bin\5xuhj0ry160q40clulazy9h7d\gradle-8.13\lib\agents\gradle-instrumentation-agent-8.13.jar 
java_command: org.gradle.launcher.daemon.bootstrap.GradleDaemon 8.13
java_class_path (initial): C:\Users\Nihal\.gradle\wrapper\dists\gradle-8.13-bin\5xuhj0ry160q40clulazy9h7d\gradle-8.13\lib\gradle-daemon-main-8.13.jar
Launcher Type: SUN_STANDARD

[Global flags]
     intx CICompilerCount                          = 12                                        {product} {ergonomic}
     uint ConcGCThreads                            = 3                                         {product} {ergonomic}
     uint G1ConcRefinementThreads                  = 13                                        {product} {ergonomic}
   size_t G1HeapRegionSize                         = 1048576                                   {product} {ergonomic}
    uintx GCDrainStackTargetSize                   = 64                                        {product} {ergonomic}
   size_t InitialHeapSize                          = 264241152                                 {product} {ergonomic}
   size_t MarkStackSize                            = 4194304                                   {product} {ergonomic}
   size_t MaxHeapSize                              = 2147483648                                {product} {command line}
   size_t MaxNewSize                               = 1287651328                                {product} {ergonomic}
   size_t MinHeapDeltaBytes                        = 1048576                                   {product} {ergonomic}
   size_t MinHeapSize                              = 8388608                                   {product} {ergonomic}
    uintx NonNMethodCodeHeapSize                   = 7602480                                {pd product} {ergonomic}
    uintx NonProfiledCodeHeapSize                  = 122027880                              {pd product} {ergonomic}
    uintx ProfiledCodeHeapSize                     = 122027880                              {pd product} {ergonomic}
    uintx ReservedCodeCacheSize                    = 251658240                              {pd product} {ergonomic}
     bool SegmentedCodeCache                       = true                                      {product} {ergonomic}
   size_t SoftMaxHeapSize                          = 2147483648                             {manageable} {ergonomic}
     bool UseCompressedOops                        = true                           {product lp64_product} {ergonomic}
     bool UseG1GC                                  = true                                      {product} {ergonomic}
     bool UseLargePagesIndividualAllocation        = false                                  {pd product} {ergonomic}

Logging:
Log output configuration:
 #0: stdout all=warning uptime,level,tags foldmultilines=false
 #1: stderr all=off uptime,level,tags foldmultilines=false

Environment Variables:
PATH=C:\Python314\Scripts\;C:\Python314\;C:\WINDOWS\system32;C:\WINDOWS;C:\WINDOWS\System32\Wbem;C:\WINDOWS\System32\WindowsPowerShell\v1.0\;C:\WINDOWS\System32\OpenSSH\;C:\Program Files\dotnet\;C:\Program Files\NVIDIA Corporation\NVIDIA App\NvDLISR;C:\Program Files (x86)\NVIDIA Corporation\PhysX\Common;C:\Program Files\Git\cmd;C:\Program Files\nodejs\;C:\ProgramData\chocolatey\bin;C:\Program Files\Docker\Docker\resources\bin;C:\Users\Nihal\AppData\Local\Microsoft\WindowsApps;C:\Users\Nihal\AppData\Roaming\npm
USERNAME=Nihal
OS=Windows_NT
PROCESSOR_IDENTIFIER=Intel64 Family 6 Model 154 Stepping 3, GenuineIntel
TMP=C:\Users\Nihal\AppData\Local\Temp
TEMP=C:\Users\Nihal\AppData\Local\Temp




Periodic native trim disabled

JNI global refs:
JNI global refs: 37, weak refs: 4

JNI global refs memory usage: 835, weak refs: 833

Process memory usage:
Resident Set Size: 451996K (2% of 16474616K total physical memory with 654196K free physical memory)

OOME stack traces (most recent first):
Classloader memory used:
Loader org.gradle.internal.classloader.VisitableURLClassLoader                         : 40436K
Loader bootstrap                                                                       : 27703K
Loader org.gradle.internal.classloader.VisitableURLClassLoader$InstrumentingVisitableURLClassLoader: 18850K
Loader org.gradle.initialization.MixInLegacyTypesClassLoader                           : 12206K
Loader jdk.internal.loader.ClassLoaders$PlatformClassLoader                            : 534K
Loader jdk.internal.reflect.DelegatingClassLoader                                      : 260K
Loader jdk.internal.loader.ClassLoaders$AppClassLoader                                 : 235K
Loader org.gradle.internal.classloader.VisitableURLClassLoader                         : 217K
Loader org.gradle.groovy.scripts.internal.DefaultScriptCompilationHandler$ScriptClassLoader: 122K
Loader org.codehaus.groovy.runtime.callsite.CallSiteClassLoader                        : 17320B

Classes loaded by more than one classloader:
Class Program                                                                         : loaded 5 times (x 72B)
Class Build_gradle                                                                    : loaded 3 times (x 130B)
Class Build_gradle$1                                                                  : loaded 3 times (x 74B)
Class org.gradle.internal.classloader.FilteringClassLoader                            : loaded 2 times (x 105B)
Class com.google.common.base.CharMatcher$IsEither                                     : loaded 2 times (x 111B)
Class org.gradle.internal.classloader.ClassLoaderHierarchy                            : loaded 2 times (x 70B)
Class com.google.common.collect.ImmutableEnumSet                                      : loaded 2 times (x 146B)
Class com.google.common.util.concurrent.ExecutionError                                : loaded 2 times (x 82B)
Class com.google.common.collect.ImmutableList$1                                       : loaded 2 times (x 97B)
Class org.gradle.api.internal.classpath.ManifestUtil                                  : loaded 2 times (x 71B)
Class com.google.common.collect.RegularImmutableMap                                   : loaded 2 times (x 121B)
Class com.google.common.collect.ImmutableMap$MapViewOfValuesAsSingletonSets           : loaded 2 times (x 126B)
Class [Lorg.objectweb.asm.Symbol;                                                     : loaded 2 times (x 69B)
Class org.objectweb.asm.ClassVisitor                                                  : loaded 2 times (x 88B)
Class com.google.common.collect.UnmodifiableListIterator                              : loaded 2 times (x 95B)
Class org.objectweb.asm.MethodTooLargeException                                       : loaded 2 times (x 83B)
Class [Lcom.google.common.cache.CacheBuilder$OneWeigher;                              : loaded 2 times (x 69B)
Class com.google.common.base.Suppliers                                                : loaded 2 times (x 71B)
Class org.gradle.internal.classloader.DefaultClassLoaderFactory                       : loaded 2 times (x 82B)
Class org.gradle.internal.classloader.ClassLoaderVisitor                              : loaded 2 times (x 76B)
Class [Lcom.google.common.collect.ImmutableMapEntry;                                  : loaded 2 times (x 69B)
Class org.gradle.api.internal.classpath.EffectiveClassPath                            : loaded 2 times (x 90B)
Class com.google.common.collect.ImmutableRangeSet                                     : loaded 2 times (x 115B)
Class com.google.common.collect.ListMultimap                                          : loaded 2 times (x 70B)
Class com.google.common.collect.ImmutableEnumMap                                      : loaded 2 times (x 126B)
Class com.google.common.collect.Sets$1                                                : loaded 2 times (x 139B)
Class org.objectweb.asm.AnnotationVisitor                                             : loaded 2 times (x 78B)
Class org.gradle.api.internal.DefaultClassPathProvider                                : loaded 2 times (x 76B)
Class com.google.common.collect.Sets$2                                                : loaded 2 times (x 139B)
Class [Lorg.gradle.api.internal.ClassPathProvider;                                    : loaded 2 times (x 69B)
Class org.gradle.api.internal.ClassPathProvider                                       : loaded 2 times (x 70B)
Class [Lorg.objectweb.asm.AnnotationVisitor;                                          : loaded 2 times (x 69B)
Class com.google.common.collect.Sets$3                                                : loaded 2 times (x 139B)
Class com.google.common.util.concurrent.AbstractFuture$SafeAtomicHelper               : loaded 2 times (x 79B)
Class com.google.common.cache.LocalCache$LocalLoadingCache                            : loaded 2 times (x 134B)
Class org.gradle.internal.service.UnknownServiceException                             : loaded 2 times (x 83B)
Class com.google.common.collect.Sets$4                                                : loaded 2 times (x 139B)
Class org.objectweb.asm.ModuleVisitor                                                 : loaded 2 times (x 81B)
Class com.google.common.cache.LocalCache$Strength$1                                   : loaded 2 times (x 81B)
Class com.google.common.util.concurrent.SettableFuture                                : loaded 2 times (x 114B)
Class com.google.common.cache.LocalCache$Strength$2                                   : loaded 2 times (x 81B)
Class com.google.common.cache.LocalCache$Strength$3                                   : loaded 2 times (x 81B)
Class com.google.common.collect.MapDifference                                         : loaded 2 times (x 70B)
Class ijJvmDebugger1_8txzu4rrx4pm1d52aimxcyb3r$_run_closure1$_closure2                : loaded 2 times (x 140B)
Class org.objectweb.asm.FieldWriter                                                   : loaded 2 times (x 78B)
Class com.google.common.cache.CacheBuilder$NullListener                               : loaded 2 times (x 82B)
Class org.gradle.internal.classpath.TransformedClassPath                              : loaded 2 times (x 96B)
Class org.gradle.internal.classloader.InstrumentingClassLoader                        : loaded 2 times (x 70B)
Class com.google.common.collect.ImmutableRangeSet$AsSet                               : loaded 2 times (x 300B)
Class com.google.common.cache.CacheLoader$FunctionToCacheLoader                       : loaded 2 times (x 75B)
Class com.google.common.collect.Iterators$ArrayItr                                    : loaded 2 times (x 97B)
Class com.google.common.collect.ImmutableCollection$Builder                           : loaded 2 times (x 76B)
Class com.google.common.base.Joiner                                                   : loaded 2 times (x 79B)
Class com.google.common.base.MoreObjects                                              : loaded 2 times (x 71B)
Class com.google.common.collect.Platform                                              : loaded 2 times (x 71B)
Class [Lorg.objectweb.asm.Type;                                                       : loaded 2 times (x 69B)
Class com.google.common.collect.UnmodifiableIterator                                  : loaded 2 times (x 80B)
Class org.gradle.internal.service.ServiceLocator                                      : loaded 2 times (x 70B)
Class com.google.common.base.Ascii                                                    : loaded 2 times (x 71B)
Class com.google.common.cache.LocalCache$1                                            : loaded 2 times (x 89B)
Class com.google.common.collect.SingletonImmutableBiMap                               : loaded 2 times (x 143B)
Class com.google.common.collect.AbstractMapEntry                                      : loaded 2 times (x 81B)
Class com.google.common.collect.ImmutableList$Builder                                 : loaded 2 times (x 77B)
Class com.google.common.collect.AbstractMultimap                                      : loaded 2 times (x 123B)
Class com.google.common.cache.LocalCache$2                                            : loaded 2 times (x 142B)
Class com.google.common.collect.ImmutableRangeSet$1                                   : loaded 2 times (x 210B)
Class com.google.common.util.concurrent.AbstractFuture$UnsafeAtomicHelper$1           : loaded 2 times (x 76B)
Class com.google.common.collect.RegularImmutableAsList                                : loaded 2 times (x 217B)
Class com.google.common.collect.Range                                                 : loaded 2 times (x 87B)
Class com.google.common.util.concurrent.AbstractFuture$Trusted                        : loaded 2 times (x 70B)
Class com.google.common.collect.Iterators                                             : loaded 2 times (x 71B)
Class com.google.common.collect.Lists$StringAsImmutableList                           : loaded 2 times (x 207B)
Class com.google.common.util.concurrent.UncheckedExecutionException                   : loaded 2 times (x 82B)
Class org.gradle.kotlin.dsl.VersionCatalogAccessorsKt                                 : loaded 2 times (x 71B)
Class ijKotlinCoroutineJvmDebugInit1_bxxpbagpl61rmr6w2rxty2wik                        : loaded 2 times (x 179B)
Class ijKotlinCoroutineJvmDebugInit1_bxxpbagpl61rmr6w2rxty2wik$_run_closure1          : loaded 2 times (x 139B)
Class org.gradle.internal.InternalTransformer                                         : loaded 2 times (x 70B)
Class org.objectweb.asm.ClassWriter                                                   : loaded 2 times (x 106B)
Class com.google.common.base.CharMatcher$And                                          : loaded 2 times (x 112B)
Class com.google.common.cache.CacheLoader$UnsupportedLoadingOperationException        : loaded 2 times (x 82B)
Class org.gradle.internal.classloader.ClasspathUtil$1                                 : loaded 2 times (x 76B)
Class org.objectweb.asm.FieldVisitor                                                  : loaded 2 times (x 77B)
Class com.google.common.collect.IndexedImmutableSet                                   : loaded 2 times (x 152B)
Class com.google.common.collect.ImmutableMap$1                                        : loaded 2 times (x 81B)
Class com.google.common.collect.BiMap                                                 : loaded 2 times (x 70B)
Class org.gradle.api.internal.classpath.DefaultModuleRegistry$DefaultModule           : loaded 2 times (x 86B)
Class com.google.common.primitives.Ints                                               : loaded 2 times (x 71B)
Class com.google.common.collect.AbstractIterator                                      : loaded 2 times (x 82B)
Class ijJvmDebugger1_8txzu4rrx4pm1d52aimxcyb3r                                        : loaded 2 times (x 179B)
Class com.google.common.collect.RegularImmutableMap$KeySet                            : loaded 2 times (x 152B)
Class com.google.common.collect.Multiset                                              : loaded 2 times (x 70B)
Class com.google.common.collect.ArrayListMultimapGwtSerializationDependencies         : loaded 2 times (x 172B)
Class com.google.common.collect.AbstractIndexedListIterator                           : loaded 2 times (x 96B)
Class com.google.common.math.MathPreconditions                                        : loaded 2 times (x 71B)
Class com.google.common.collect.ImmutableMapEntrySet                                  : loaded 2 times (x 152B)
Class org.gradle.api.internal.classpath.Module                                        : loaded 2 times (x 70B)
Class com.google.common.cache.Weigher                                                 : loaded 2 times (x 70B)
Class org.gradle.api.internal.classpath.UnknownModuleException                        : loaded 2 times (x 82B)
Class com.google.common.base.Stopwatch                                                : loaded 2 times (x 72B)
Class com.google.common.cache.LocalCache$Strength                                     : loaded 2 times (x 81B)
Class com.google.common.cache.Cache                                                   : loaded 2 times (x 70B)
Class com.google.common.util.concurrent.AbstractFuture$Cancellation                   : loaded 2 times (x 72B)
Class com.google.common.collect.ImmutableMap$Builder                                  : loaded 2 times (x 82B)
Class ijJvmDebugger1_8txzu4rrx4pm1d52aimxcyb3r$_run_closure1                          : loaded 2 times (x 139B)
Class com.google.common.cache.RemovalListener                                         : loaded 2 times (x 70B)
Class org.gradle.api.internal.DefaultClassPathRegistry                                : loaded 2 times (x 76B)
Class com.google.common.primitives.IntsMethodsForWeb                                  : loaded 2 times (x 71B)
Class com.google.common.collect.Multimap                                              : loaded 2 times (x 70B)
Class org.gradle.api.internal.ClassPathRegistry                                       : loaded 2 times (x 70B)
Class org.gradle.internal.classpath.DefaultClassPath$ImmutableUniqueList              : loaded 2 times (x 199B)
Class com.google.common.base.Equivalence$Identity                                     : loaded 2 times (x 82B)
Class com.google.common.cache.CacheBuilder                                            : loaded 2 times (x 72B)
Class com.google.common.collect.SingletonImmutableList                                : loaded 2 times (x 207B)
Class Settings_gradle$1                                                               : loaded 2 times (x 74B)
Class org.gradle.internal.classpath.ClassPath                                         : loaded 2 times (x 70B)
Class org.gradle.api.UncheckedIOException                                             : loaded 2 times (x 82B)
Class com.google.common.collect.ImmutableList$ReverseImmutableList                    : loaded 2 times (x 209B)
Class org.objectweb.asm.SymbolTable$Entry                                             : loaded 2 times (x 74B)
Class com.google.common.util.concurrent.AbstractFuture$AtomicHelper                   : loaded 2 times (x 78B)
Class org.objectweb.asm.Edge                                                          : loaded 2 times (x 72B)
Class com.google.common.base.Suppliers$SupplierOfInstance                             : loaded 2 times (x 79B)
Class com.google.common.collect.Iterators$1                                           : loaded 2 times (x 81B)
Class com.google.common.cache.LocalCache$ComputingValueReference                      : loaded 2 times (x 96B)
Class com.google.common.collect.SingletonImmutableSet                                 : loaded 2 times (x 146B)
Class com.google.common.collect.ImmutableMap$IteratorBasedImmutableMap                : loaded 2 times (x 126B)
Class com.google.common.cache.LocalCache$Segment                                      : loaded 2 times (x 154B)
Class com.google.common.collect.SortedIterable                                        : loaded 2 times (x 70B)
Class com.google.common.collect.AbstractListMultimap                                  : loaded 2 times (x 172B)
Class [Lorg.objectweb.asm.SymbolTable$Entry;                                          : loaded 2 times (x 69B)
Class com.google.common.cache.CacheLoader                                             : loaded 2 times (x 74B)
Class com.google.common.collect.Iterators$4                                           : loaded 2 times (x 82B)
Class com.google.common.collect.ImmutableBiMap                                        : loaded 2 times (x 143B)
Class org.gradle.internal.installation.GradleInstallation$1                           : loaded 2 times (x 75B)
Class org.gradle.api.internal.classpath.ModuleRegistry                                : loaded 2 times (x 70B)
Class com.google.common.util.concurrent.internal.InternalFutureFailureAccess          : loaded 2 times (x 72B)
Class com.google.common.collect.Iterators$5                                           : loaded 2 times (x 82B)
Class com.google.common.collect.ImmutableSet$JdkBackedSetBuilderImpl                  : loaded 2 times (x 76B)
Class com.google.common.util.concurrent.AbstractFuture$UnsafeAtomicHelper             : loaded 2 times (x 78B)
Class com.google.common.base.CharMatcher$ForPredicate                                 : loaded 2 times (x 112B)
Class com.google.common.cache.LocalCache$LocalManualCache$1                           : loaded 2 times (x 75B)
Class com.google.common.base.CharMatcher$AnyOf                                        : loaded 2 times (x 112B)
Class com.google.common.collect.ImmutableCollection                                   : loaded 2 times (x 125B)
Class org.gradle.api.internal.classpath.DefaultModuleRegistry                         : loaded 2 times (x 86B)
Class com.google.common.collect.Lists                                                 : loaded 2 times (x 71B)
Class com.google.common.util.concurrent.ListenableFuture                              : loaded 2 times (x 70B)
Class com.google.common.cache.ReferenceEntry                                          : loaded 2 times (x 70B)
Class com.google.common.base.Converter                                                : loaded 2 times (x 90B)
Class com.google.common.collect.ImmutableSet$CachingAsList                            : loaded 2 times (x 148B)
Class com.google.common.collect.AbstractMapBasedMultimap                              : loaded 2 times (x 139B)
Class com.google.common.util.concurrent.AbstractFuture                                : loaded 2 times (x 106B)
Class com.google.common.base.FunctionalEquivalence                                    : loaded 2 times (x 83B)
Class com.google.common.collect.Iterators$9                                           : loaded 2 times (x 81B)
Class com.google.common.collect.ImmutableAsList                                       : loaded 2 times (x 209B)
Class org.objectweb.asm.RecordComponentVisitor                                        : loaded 2 times (x 77B)
Class com.google.common.cache.CacheLoader$SupplierToCacheLoader                       : loaded 2 times (x 75B)
Class com.google.common.collect.Maps$EntryTransformer                                 : loaded 2 times (x 70B)
Class org.gradle.internal.service.ServiceLookupException                              : loaded 2 times (x 82B)
Class com.google.common.collect.ImmutableSortedSet                                    : loaded 2 times (x 300B)
Class [Lcom.google.common.cache.LocalCache$EntryFactory;                              : loaded 2 times (x 69B)
Class org.gradle.internal.classloader.ClassLoaderFactory                              : loaded 2 times (x 70B)
Class com.google.common.base.CharMatcher$IsNot                                        : loaded 2 times (x 111B)
Class com.google.common.cache.LocalCache$LocalManualCache                             : loaded 2 times (x 99B)
Class org.gradle.internal.service.CachingServiceLocator                               : loaded 2 times (x 82B)
Class com.google.common.collect.RegularImmutableSortedSet                             : loaded 2 times (x 300B)
Class com.google.common.math.IntMath                                                  : loaded 2 times (x 71B)
Class com.google.common.collect.ImmutableMapEntry                                     : loaded 2 times (x 85B)
Class com.google.common.base.Equivalence                                              : loaded 2 times (x 82B)
Class com.google.common.base.Function                                                 : loaded 2 times (x 70B)
Class com.google.common.collect.ImmutableMapEntry$NonTerminalImmutableMapEntry        : loaded 2 times (x 85B)
Class com.google.common.cache.CacheBuilder$OneWeigher                                 : loaded 2 times (x 82B)
Class com.google.common.collect.RegularImmutableList                                  : loaded 2 times (x 213B)
Class org.gradle.internal.classloader.ClasspathUtil                                   : loaded 2 times (x 71B)
Class com.google.common.base.Charsets                                                 : loaded 2 times (x 71B)
Class com.google.common.util.concurrent.Uninterruptibles                              : loaded 2 times (x 71B)
Class com.google.common.collect.Maps                                                  : loaded 2 times (x 71B)
Class org.gradle.api.specs.Spec                                                       : loaded 2 times (x 70B)
Class [Lcom.google.common.collect.ImmutableEntry;                                     : loaded 2 times (x 69B)
Class com.google.common.cache.LocalCache$LoadingValueReference                        : loaded 2 times (x 96B)
Class com.google.common.collect.ObjectArrays                                          : loaded 2 times (x 71B)
Class [Lorg.objectweb.asm.AnnotationWriter;                                           : loaded 2 times (x 69B)
Class com.google.common.collect.Maps$8                                                : loaded 2 times (x 82B)
Class com.google.common.collect.ImmutableRangeSet$Builder                             : loaded 2 times (x 77B)
Class com.google.common.collect.Sets$SetView                                          : loaded 2 times (x 138B)
Class com.google.common.cache.LocalCache$StrongValueReference                         : loaded 2 times (x 90B)
Class com.google.common.util.concurrent.AbstractFuture$SynchronizedHelper             : loaded 2 times (x 78B)
Class org.objectweb.asm.Type                                                          : loaded 2 times (x 72B)
Class org.gradle.internal.classloader.VisitableURLClassLoader$InstrumentingVisitableURLClassLoader: loaded 2 times (x 123B)
Class org.objectweb.asm.ByteVector                                                    : loaded 2 times (x 79B)
Class [Lcom.google.common.cache.CacheBuilder$NullListener;                            : loaded 2 times (x 69B)
Class com.google.common.math.IntMath$1                                                : loaded 2 times (x 71B)
Class org.gradle.internal.classloader.VisitableURLClassLoader$Spec                    : loaded 2 times (x 74B)
Class org.gradle.internal.classpath.DefaultClassPath                                  : loaded 2 times (x 90B)
Class org.objectweb.asm.Symbol                                                        : loaded 2 times (x 73B)
Class com.google.common.base.CharMatcher$Ascii                                        : loaded 2 times (x 112B)
Class com.google.common.base.CharMatcher$BitSetMatcher                                : loaded 2 times (x 112B)
Class com.google.common.collect.RegularImmutableMap$Values                            : loaded 2 times (x 207B)
Class com.google.common.collect.ImmutableSet                                          : loaded 2 times (x 145B)
Class org.gradle.internal.classloader.ClassLoaderSpec                                 : loaded 2 times (x 71B)
Class org.objectweb.asm.AnnotationWriter                                              : loaded 2 times (x 79B)
Class com.google.common.cache.CacheStats                                              : loaded 2 times (x 71B)
Class org.objectweb.asm.RecordComponentWriter                                         : loaded 2 times (x 78B)
Class com.google.common.util.concurrent.AbstractFuture$Listener                       : loaded 2 times (x 72B)
Class com.google.common.base.CharMatcher$Or                                           : loaded 2 times (x 112B)
Class Settings_gradle$1$1                                                             : loaded 2 times (x 74B)
Class org.objectweb.asm.Attribute                                                     : loaded 2 times (x 77B)
Class com.google.common.base.Supplier                                                 : loaded 2 times (x 70B)
Class org.gradle.internal.classloader.VisitableURLClassLoader                         : loaded 2 times (x 117B)
Class com.google.common.util.concurrent.AbstractFuture$Waiter                         : loaded 2 times (x 72B)
Class Settings_gradle                                                                 : loaded 2 times (x 128B)
Class org.gradle.internal.Cast                                                        : loaded 2 times (x 71B)
Class org.gradle.api.Action                                                           : loaded 2 times (x 70B)
Class com.google.common.collect.Sets                                                  : loaded 2 times (x 71B)
Class org.objectweb.asm.Handler                                                       : loaded 2 times (x 72B)
Class com.google.common.base.CharMatcher$FastMatcher                                  : loaded 2 times (x 111B)
Class com.google.common.base.Ticker                                                   : loaded 2 times (x 72B)
Class [Lcom.google.common.cache.LocalCache$Segment;                                   : loaded 2 times (x 69B)
Class com.google.common.base.Predicate                                                : loaded 2 times (x 70B)
Class [Lcom.google.common.cache.LocalCache$Strength;                                  : loaded 2 times (x 69B)
Class com.google.common.cache.CacheBuilder$1                                          : loaded 2 times (x 85B)
Class com.google.common.collect.ImmutableMap                                          : loaded 2 times (x 120B)
Class org.gradle.internal.classpath.DefaultClassPath$ImmutableUniqueList$Builder      : loaded 2 times (x 75B)
Class com.google.common.collect.AbstractRangeSet                                      : loaded 2 times (x 114B)
Class com.google.common.base.CharMatcher$NegatedFastMatcher                           : loaded 2 times (x 113B)
Class com.google.common.cache.LocalCache                                              : loaded 2 times (x 187B)
Class com.google.common.cache.CacheBuilder$2                                          : loaded 2 times (x 79B)
Class com.google.common.collect.ArrayListMultimap                                     : loaded 2 times (x 172B)
Class com.google.common.cache.CacheBuilder$3                                          : loaded 2 times (x 72B)
Class [Lcom.google.common.collect.AbstractMapEntry;                                   : loaded 2 times (x 69B)
Class com.google.common.collect.ImmutableEntry                                        : loaded 2 times (x 82B)
Class org.gradle.api.GradleException                                                  : loaded 2 times (x 82B)
Class com.google.common.collect.CollectPreconditions                                  : loaded 2 times (x 71B)
Class com.google.common.collect.SortedMapDifference                                   : loaded 2 times (x 70B)
Class com.google.common.cache.LocalCache$EntryFactory                                 : loaded 2 times (x 83B)
Class com.google.common.cache.LocalCache$AbstractReferenceEntry                       : loaded 2 times (x 107B)
Class org.gradle.internal.IoActions                                                   : loaded 2 times (x 71B)
Class com.google.common.collect.ImmutableRangeSet$ComplementRanges                    : loaded 2 times (x 207B)
Class org.objectweb.asm.SymbolTable                                                   : loaded 2 times (x 72B)
Class com.google.common.cache.CacheLoader$InvalidCacheLoadException                   : loaded 2 times (x 82B)
Class com.google.common.collect.ImmutableSet$RegularSetBuilderImpl                    : loaded 2 times (x 77B)
Class org.gradle.internal.classloader.SystemClassLoaderSpec                           : loaded 2 times (x 71B)
Class com.google.common.cache.LocalCache$StrongEntry                                  : loaded 2 times (x 108B)
Class com.google.common.util.concurrent.AbstractFuture$TrustedFuture                  : loaded 2 times (x 114B)
Class com.google.common.cache.LoadingCache                                            : loaded 2 times (x 70B)
Class org.objectweb.asm.MethodWriter                                                  : loaded 2 times (x 106B)
Class [Lcom.google.common.cache.Weigher;                                              : loaded 2 times (x 69B)
Class com.google.common.collect.RegularImmutableMap$BucketOverflowException           : loaded 2 times (x 82B)
Class ijKotlinCoroutineJvmDebugInit1_bxxpbagpl61rmr6w2rxty2wik$_run_closure1$_closure2: loaded 2 times (x 139B)
Class com.google.common.base.CharMatcher$Negated                                      : loaded 2 times (x 113B)
Class com.google.common.base.CharMatcher$Is                                           : loaded 2 times (x 111B)
Class com.google.common.cache.LocalCache$ValueReference                               : loaded 2 times (x 70B)
Class com.google.common.collect.RegularImmutableBiMap                                 : loaded 2 times (x 149B)
Class com.google.common.util.concurrent.AbstractFuture$Failure                        : loaded 2 times (x 72B)
Class com.google.common.base.Equivalence$Equals                                       : loaded 2 times (x 82B)
Class com.google.common.collect.Hashing                                               : loaded 2 times (x 71B)
Class com.google.common.base.Preconditions                                            : loaded 2 times (x 71B)
Class com.google.common.base.Joiner$1                                                 : loaded 2 times (x 80B)
Class org.objectweb.asm.Label                                                         : loaded 2 times (x 73B)
Class org.objectweb.asm.CurrentFrame                                                  : loaded 2 times (x 73B)
Class org.objectweb.asm.ClassTooLargeException                                        : loaded 2 times (x 83B)
Class com.google.common.base.CharMatcher                                              : loaded 2 times (x 111B)
Class com.google.common.collect.PeekingIterator                                       : loaded 2 times (x 70B)
Class com.google.common.collect.RangeGwtSerializationDependencies                     : loaded 2 times (x 71B)
Class com.google.common.base.Joiner$2                                                 : loaded 2 times (x 79B)
Class org.objectweb.asm.Frame                                                         : loaded 2 times (x 73B)
Class org.objectweb.asm.MethodVisitor                                                 : loaded 2 times (x 105B)
Class com.google.common.base.CharMatcher$NamedFastMatcher                             : loaded 2 times (x 112B)
Class com.google.common.base.CharMatcher$1                                            : loaded 2 times (x 113B)
Class com.google.common.cache.LocalCache$EntryFactory$1                               : loaded 2 times (x 83B)
Class [Lcom.google.common.cache.RemovalListener;                                      : loaded 2 times (x 69B)
Class com.google.common.collect.RangeSet                                              : loaded 2 times (x 70B)
Class com.google.common.cache.LocalCache$EntryFactory$2                               : loaded 2 times (x 83B)
Class org.gradle.api.internal.classpath.GlobalCacheRootsProvider                      : loaded 2 times (x 70B)
Class com.google.common.collect.CollectCollectors                                     : loaded 2 times (x 71B)
Class org.objectweb.asm.ModuleWriter                                                  : loaded 2 times (x 82B)
Class com.google.common.cache.LocalCache$EntryFactory$3                               : loaded 2 times (x 83B)
Class com.google.common.base.Ticker$1                                                 : loaded 2 times (x 72B)
Class com.google.common.collect.Maps$BiMapConverter                                   : loaded 2 times (x 90B)
Class com.google.common.collect.ImmutableMapEntrySet$RegularEntrySet                  : loaded 2 times (x 152B)
Class com.google.common.base.CharMatcher$InRange                                      : loaded 2 times (x 111B)
Class com.google.common.cache.LocalCache$EntryFactory$4                               : loaded 2 times (x 83B)
Class com.google.common.collect.ImmutableSet$Builder                                  : loaded 2 times (x 85B)
Class com.google.common.cache.LocalCache$EntryFactory$5                               : loaded 2 times (x 83B)
Class com.google.common.base.PairwiseEquivalence                                      : loaded 2 times (x 83B)
Class com.google.common.cache.LocalCache$EntryFactory$6                               : loaded 2 times (x 83B)
Class org.gradle.internal.installation.CurrentGradleInstallationLocator               : loaded 2 times (x 71B)
Class com.google.common.cache.LocalCache$EntryFactory$7                               : loaded 2 times (x 83B)
Class com.google.common.collect.ImmutableSet$EmptySetBuilderImpl                      : loaded 2 times (x 76B)
Class com.google.common.collect.ImmutableList                                         : loaded 2 times (x 206B)
Class org.gradle.internal.service.DefaultServiceLocator                               : loaded 2 times (x 83B)
Class com.google.common.cache.LocalCache$EntryFactory$8                               : loaded 2 times (x 83B)
Class com.google.common.collect.ImmutableSet$SetBuilderImpl                           : loaded 2 times (x 76B)
Class org.gradle.internal.installation.CurrentGradleInstallation                      : loaded 2 times (x 73B)
Class com.google.common.cache.CacheLoader$1                                           : loaded 2 times (x 75B)
Class com.google.common.collect.ImmutableList$SubList                                 : loaded 2 times (x 209B)
Class org.gradle.util.internal.GUtil                                                  : loaded 2 times (x 71B)
Class com.google.common.util.concurrent.AbstractFuture$SetFuture                      : loaded 2 times (x 75B)
Class com.google.common.cache.AbstractCache$StatsCounter                              : loaded 2 times (x 70B)
Class com.google.common.collect.Iterators$MergingIterator                             : loaded 2 times (x 81B)
Class com.google.common.collect.RegularImmutableSet                                   : loaded 2 times (x 149B)
Class org.gradle.internal.installation.GradleInstallation                             : loaded 2 times (x 75B)
Class com.google.common.collect.Iterables                                             : loaded 2 times (x 71B)

---------------  S Y S T E M  ---------------

OS:
 Windows 11 , 64 bit Build 26100 (10.0.26100.8328)
OS uptime: 0 days 2:03 hours
Hyper-V role detected

CPU: total 16 (initial active 16) (8 cores per cpu, 2 threads per core) family 6 model 154 stepping 3 microcode 0x423, cx8, cmov, fxsr, ht, mmx, 3dnowpref, sse, sse2, sse3, ssse3, sse4.1, sse4.2, popcnt, lzcnt, tsc, tscinvbit, avx, avx2, aes, erms, clmul, bmi1, bmi2, adx, sha, fma, vzeroupper, clflush, clflushopt, clwb, hv, serialize, rdtscp, rdpid, fsrm, f16c, cet_ibt, cet_ss
Processor Information for processor 0
  Max Mhz: 2500, Current Mhz: 2500, Mhz Limit: 2500
Processor Information for processor 1
  Max Mhz: 2500, Current Mhz: 2500, Mhz Limit: 2500
Processor Information for processor 2
  Max Mhz: 2500, Current Mhz: 2500, Mhz Limit: 2500
Processor Information for processor 3
  Max Mhz: 2500, Current Mhz: 2500, Mhz Limit: 2500
Processor Information for processor 4
  Max Mhz: 2500, Current Mhz: 2500, Mhz Limit: 2500
Processor Information for processor 5
  Max Mhz: 2500, Current Mhz: 2500, Mhz Limit: 2500
Processor Information for processor 6
  Max Mhz: 2500, Current Mhz: 2500, Mhz Limit: 2500
Processor Information for processor 7
  Max Mhz: 2500, Current Mhz: 2500, Mhz Limit: 2500
Processor Information for processor 8
  Max Mhz: 2500, Current Mhz: 1800, Mhz Limit: 1800
Processor Information for processor 9
  Max Mhz: 2500, Current Mhz: 1800, Mhz Limit: 1800
Processor Information for processor 10
  Max Mhz: 2500, Current Mhz: 1800, Mhz Limit: 1800
Processor Information for processor 11
  Max Mhz: 2500, Current Mhz: 1800, Mhz Limit: 1800
Processor Information for processor 12
  Max Mhz: 2500, Current Mhz: 1800, Mhz Limit: 1800
Processor Information for processor 13
  Max Mhz: 2500, Current Mhz: 1800, Mhz Limit: 1800
Processor Information for processor 14
  Max Mhz: 2500, Current Mhz: 1800, Mhz Limit: 1800
Processor Information for processor 15
  Max Mhz: 2500, Current Mhz: 1800, Mhz Limit: 1800

Memory: 4k page, system-wide physical 16088M (638M free)
TotalPageFile size 16088M (AvailPageFile size 8M)
current process WorkingSet (physical memory assigned to process): 441M, peak: 442M
current process commit charge ("private bytes"): 488M, peak: 490M

vm_info: OpenJDK 64-Bit Server VM (21.0.8+-14196175-b1038.72) for windows-amd64 JRE (21.0.8+-14196175-b1038.72), built on 2025-10-01T10:24:33Z by "builder" with MS VC++ 16.10 / 16.11 (VS2019)

END.
